source_root,experiment_id,run_id,run_name,status_code,status,start_time_ms,end_time_ms,duration_seconds,method_family,method_variant,experiment,edge_ratio,seed,number_of_variables,number_of_samples,hydra_match,hydra_config,mlflow_run_dir,metric_file_count,param_file_count,metric.best_cond,metric.best_f1score,metric.best_false_neg,metric.best_false_pos,metric.best_fdr,metric.best_g_score,metric.best_least_square_cost,metric.best_nnz,metric.best_norm_distance,metric.best_precision,metric.best_shd,metric.best_shd_a,metric.best_shd_w,metric.best_threshold,metric.best_tpr,metric.best_true_pos,metric.bi_best_cond,metric.bi_best_f1score,metric.bi_best_false_neg,metric.bi_best_false_pos,metric.bi_best_fdr,metric.bi_best_g_score,metric.bi_best_nnz,metric.bi_best_precision,metric.bi_best_shd,metric.bi_best_shd_a,metric.bi_best_shd_w,metric.bi_best_tpr,metric.bi_best_true_pos,metric.bi_t0.05_cond,metric.bi_t0.05_f1score,metric.bi_t0.05_false_neg,metric.bi_t0.05_false_pos,metric.bi_t0.05_fdr,metric.bi_t0.05_g_score,metric.bi_t0.05_nnz,metric.bi_t0.05_precision,metric.bi_t0.05_shd,metric.bi_t0.05_shd_a,metric.bi_t0.05_shd_w,metric.bi_t0.05_tpr,metric.bi_t0.05_true_pos,metric.bi_t0.15_cond,metric.bi_t0.15_f1score,metric.bi_t0.15_false_neg,metric.bi_t0.15_false_pos,metric.bi_t0.15_fdr,metric.bi_t0.15_g_score,metric.bi_t0.15_nnz,metric.bi_t0.15_precision,metric.bi_t0.15_shd,metric.bi_t0.15_shd_a,metric.bi_t0.15_shd_w,metric.bi_t0.15_tpr,metric.bi_t0.15_true_pos,metric.bi_t0.3_cond,metric.bi_t0.3_f1score,metric.bi_t0.3_false_neg,metric.bi_t0.3_false_pos,metric.bi_t0.3_fdr,metric.bi_t0.3_g_score,metric.bi_t0.3_nnz,metric.bi_t0.3_precision,metric.bi_t0.3_shd,metric.bi_t0.3_shd_a,metric.bi_t0.3_shd_w,metric.bi_t0.3_tpr,metric.bi_t0.3_true_pos,metric.bi_t0.5_cond,metric.bi_t0.5_f1score,metric.bi_t0.5_false_neg,metric.bi_t0.5_false_pos,metric.bi_t0.5_fdr,metric.bi_t0.5_g_score,metric.bi_t0.5_nnz,metric.bi_t0.5_precision,metric.bi_t0.5_shd,metric.bi_t0.5_shd_a,metric.bi_t0.5_shd_w,metric.bi_t0.5_tpr,metric.bi_t0.5_true_pos,metric.clique_lazy_added,metric.clique_user_added,metric.cycle_lazy_added,metric.d,metric.dir_best_cond,metric.dir_best_f1score,metric.dir_best_false_neg,metric.dir_best_false_pos,metric.dir_best_fdr,metric.dir_best_g_score,metric.dir_best_nnz,metric.dir_best_precision,metric.dir_best_shd,metric.dir_best_shd_a,metric.dir_best_shd_w,metric.dir_best_tpr,metric.dir_best_true_pos,metric.dir_t0.05_cond,metric.dir_t0.05_f1score,metric.dir_t0.05_false_neg,metric.dir_t0.05_false_pos,metric.dir_t0.05_fdr,metric.dir_t0.05_g_score,metric.dir_t0.05_nnz,metric.dir_t0.05_precision,metric.dir_t0.05_shd,metric.dir_t0.05_shd_a,metric.dir_t0.05_shd_w,metric.dir_t0.05_tpr,metric.dir_t0.05_true_pos,metric.dir_t0.15_cond,metric.dir_t0.15_f1score,metric.dir_t0.15_false_neg,metric.dir_t0.15_false_pos,metric.dir_t0.15_fdr,metric.dir_t0.15_g_score,metric.dir_t0.15_nnz,metric.dir_t0.15_precision,metric.dir_t0.15_shd,metric.dir_t0.15_shd_a,metric.dir_t0.15_shd_w,metric.dir_t0.15_tpr,metric.dir_t0.15_true_pos,metric.dir_t0.3_cond,metric.dir_t0.3_f1score,metric.dir_t0.3_false_neg,metric.dir_t0.3_false_pos,metric.dir_t0.3_fdr,metric.dir_t0.3_g_score,metric.dir_t0.3_nnz,metric.dir_t0.3_precision,metric.dir_t0.3_shd,metric.dir_t0.3_shd_a,metric.dir_t0.3_shd_w,metric.dir_t0.3_tpr,metric.dir_t0.3_true_pos,metric.dir_t0.5_cond,metric.dir_t0.5_f1score,metric.dir_t0.5_false_neg,metric.dir_t0.5_false_pos,metric.dir_t0.5_fdr,metric.dir_t0.5_g_score,metric.dir_t0.5_nnz,metric.dir_t0.5_precision,metric.dir_t0.5_shd,metric.dir_t0.5_shd_a,metric.dir_t0.5_shd_w,metric.dir_t0.5_tpr,metric.dir_t0.5_true_pos,metric.lazy_added,metric.mipgap,metric.n,metric.p,metric.runtime,metric.t0.05_cond,metric.t0.05_f1score,metric.t0.05_false_neg,metric.t0.05_false_pos,metric.t0.05_fdr,metric.t0.05_g_score,metric.t0.05_least_square_cost,metric.t0.05_nnz,metric.t0.05_norm_distance,metric.t0.05_precision,metric.t0.05_shd,metric.t0.05_shd_a,metric.t0.05_shd_w,metric.t0.05_tpr,metric.t0.05_true_pos,metric.t0.15_cond,metric.t0.15_f1score,metric.t0.15_false_neg,metric.t0.15_false_pos,metric.t0.15_fdr,metric.t0.15_g_score,metric.t0.15_least_square_cost,metric.t0.15_nnz,metric.t0.15_norm_distance,metric.t0.15_precision,metric.t0.15_shd,metric.t0.15_shd_a,metric.t0.15_shd_w,metric.t0.15_tpr,metric.t0.15_true_pos,metric.t0.3_cond,metric.t0.3_f1score,metric.t0.3_false_neg,metric.t0.3_false_pos,metric.t0.3_fdr,metric.t0.3_g_score,metric.t0.3_least_square_cost,metric.t0.3_nnz,metric.t0.3_norm_distance,metric.t0.3_precision,metric.t0.3_shd,metric.t0.3_shd_a,metric.t0.3_shd_w,metric.t0.3_tpr,metric.t0.3_true_pos,metric.t0.5_cond,metric.t0.5_f1score,metric.t0.5_false_neg,metric.t0.5_false_pos,metric.t0.5_fdr,metric.t0.5_g_score,metric.t0.5_least_square_cost,metric.t0.5_nnz,metric.t0.5_norm_distance,metric.t0.5_precision,metric.t0.5_shd,metric.t0.5_shd_a,metric.t0.5_shd_w,metric.t0.5_tpr,metric.t0.5_true_pos,metric.true_least_square_cost,metric.varsortability,param.clique_limit,param.effective_edge_ratio,param.note,param.problem.clique_limit,param.problem.generator,param.problem.graph_type_inter,param.problem.inter_edge_ratio,param.problem.internal_normalization,param.problem.intra_edge_ratio,param.problem.name,param.problem.noise_scale,param.problem.noise_scale_variance,param.problem.normalize,param.problem.number_of_samples,param.problem.number_of_variables,param.problem.p,param.problem.seed,param.problem.sem_type,param.problem.w_decay,param.problem.w_max_inter,param.problem.w_max_intra,param.problem.w_min_inter,param.problem.w_min_intra,param.solver.a_reg_type,param.solver.big_m_mode,param.solver.callback_mode,param.solver.clique_callback_mode,param.solver.clique_separation_time_budget,param.solver.clique_top_k,param.solver.constraints_mode,param.solver.cycle_top_k,param.solver.deduplicate_clique_cuts,param.solver.deduplicate_cycle_cuts,param.solver.delayed_second_separation,param.solver.dense_escalation_hits,param.solver.dense_history_min_hits,param.solver.diagnostics_progress_interval,param.solver.edge_specific_condition_limit,param.solver.edge_specific_safety_factor,param.solver.enable_clique_constraints,param.solver.enable_cycle_constraints,param.solver.enable_fractional_clique_cuts,param.solver.experiment_diagnostics,param.solver.fractional_greedy_starts,param.solver.fractional_root_only,param.solver.fractional_violation_tolerance,param.solver.gurobi_seed,param.solver.gurobi_threads,param.solver.incumbent_repair_mode,param.solver.lambda1,param.solver.lambda2,param.solver.loss_type,param.solver.max_clique_cuts_per_callback,param.solver.max_clique_size,param.solver.max_cut_jaccard_similarity,param.solver.max_cycle_cuts_per_callback,param.solver.method_family_name,param.solver.method_variant,param.solver.name,param.solver.nonroot_max_cuts_per_callback,param.solver.nonroot_separation_frequency,param.solver.nonzero_threshold,param.solver.print_callback_events,param.solver.print_clique_cuts,param.solver.print_retained_solutions,param.solver.reg_type,param.solver.repair_cut_cache_dir,param.solver.repair_cut_cache_mode,param.solver.repair_deletion_score,param.solver.repair_loss_weight,param.solver.repair_max_retries,param.solver.repair_refit_solver,param.solver.repair_ridge_alpha,param.solver.repair_violation_weight,param.solver.robust,param.solver.root_max_cuts_per_round,param.solver.separation_order,param.solver.tabu_edges,param.solver.target_mip_gap,param.solver.time_limit,param.solver.weights_bound,param.system.hostname
/Users/xiaoyuhe/project-bestdagsolverintheworld/dagsolvers/metacentrum_runs/22245761.pbs-m1.metacentrum.cz/dagsolvers,734013320001138033,0c05a9a81145494f8dc02ff801cd36c6,unleashed-stoat-821,3,FINISHED,1784238557998,1784239561950,1003.952,A,A,METHOD_A_DELAYED_SEPARATION,4,1,11,200,closest_time,/Users/xiaoyuhe/project-bestdagsolverintheworld/dagsolvers/metacentrum_runs/22245761.pbs-m1.metacentrum.cz/dagsolvers/multirun/2026-07-16/23-49-16/0/.hydra/config.yaml,/Users/xiaoyuhe/project-bestdagsolverintheworld/dagsolvers/metacentrum_runs/22245761.pbs-m1.metacentrum.cz/dagsolvers/mlruns/734013320001138033/0c05a9a81145494f8dc02ff801cd36c6,217,75,43.0,0.9382716049382717,5.0,0.0,0.0,0.8837209302325582,43.624319410082535,38.0,2.8327095975414367,1.0,5.0,0.0,5.0,0.6058355482911774,0.8837209302325582,38.0,0.0,0.0,0.0,0.0,0.0,0.0,0.0,0.0,0.0,0.0,0.0,0.0,0.0,0.0,0.0,0.0,0.0,0.0,0.0,0.0,0.0,0.0,0.0,0.0,0.0,0.0,0.0,0.0,0.0,0.0,0.0,0.0,0.0,0.0,0.0,0.0,0.0,0.0,0.0,0.0,0.0,0.0,0.0,0.0,0.0,0.0,0.0,0.0,0.0,0.0,0.0,0.0,0.0,0.0,0.0,0.0,0.0,0.0,0.0,0.0,0.0,0.0,0.0,0.0,0.0,1.0,0.0,374.0,11.0,43.0,0.9382716049382717,5.0,0.0,0.0,0.8837209302325582,38.0,1.0,5.0,0.0,5.0,0.8837209302325582,38.0,43.0,0.9382716049382717,5.0,0.0,0.0,0.8837209302325582,38.0,1.0,5.0,0.0,5.0,0.8837209302325582,38.0,43.0,0.9382716049382717,5.0,0.0,0.0,0.8837209302325582,38.0,1.0,5.0,0.0,5.0,0.8837209302325582,38.0,43.0,0.9382716049382717,5.0,0.0,0.0,0.8837209302325582,38.0,1.0,5.0,0.0,5.0,0.8837209302325582,38.0,43.0,0.9382716049382717,5.0,0.0,0.0,0.8837209302325582,38.0,1.0,5.0,0.0,5.0,0.8837209302325582,38.0,375.0,0.2153515094039173,200.0,0.0,1003.4807345867157,43.0,0.9382716049382717,5.0,0.0,0.0,0.8837209302325582,43.624319410082535,38.0,2.8327095975414367,1.0,5.0,0.0,5.0,0.8837209302325582,38.0,43.0,0.9382716049382717,5.0,0.0,0.0,0.8837209302325582,43.624319410082535,38.0,2.8327095975414367,1.0,5.0,0.0,5.0,0.8837209302325582,38.0,43.0,0.9382716049382717,5.0,0.0,0.0,0.8837209302325582,43.624319410082535,38.0,2.8327095975414367,1.0,5.0,0.0,5.0,0.8837209302325582,38.0,43.0,0.9382716049382717,5.0,0.0,0.0,0.8837209302325582,43.624319410082535,38.0,2.8327095975414367,1.0,5.0,0.0,5.0,0.8837209302325582,38.0,2246.4953001128347,0.9642857142857143,5,4,,5,notears,er,4,False,4,cliquefree_er,1.0,None,False,200,11,0,1,gauss,1.1,0.4,2,0.2,0.5,l1,scalar,first_cycle,first_clique,0.1,1,weights,1,True,True,True,2,2,10.0,10000000000.0,1.01,True,True,False,True,10,True,1e-06,0,1,none,1.0,1.0,l2,1,5,0.8,1,delayed_separation,A,delayed_separation,5,10,0.001,True,False,False,l1,,,,,,,0.001,,False,20,cycle_first,False,0.01,1000,100.0,elmo3-2.hw.elixir-czech.cz
/Users/xiaoyuhe/project-bestdagsolverintheworld/dagsolvers/metacentrum_runs/22245761.pbs-m1.metacentrum.cz/dagsolvers,734013320001138033,576639b18582472d9cf44c2ea3180692,bald-calf-86,3,FINISHED,1784239562227,1784240565910,1003.683,A,A,METHOD_A_DELAYED_SEPARATION,4,2,11,200,closest_time,/Users/xiaoyuhe/project-bestdagsolverintheworld/dagsolvers/metacentrum_runs/22245761.pbs-m1.metacentrum.cz/dagsolvers/multirun/2026-07-16/23-49-16/1/.hydra/config.yaml,/Users/xiaoyuhe/project-bestdagsolverintheworld/dagsolvers/metacentrum_runs/22245761.pbs-m1.metacentrum.cz/dagsolvers/mlruns/734013320001138033/576639b18582472d9cf44c2ea3180692,217,75,42.0,0.9090909090909091,7.0,0.0,0.0,0.8333333333333334,666.772046975901,35.0,3.8150399911163544,1.0,7.0,0.0,7.0,0.670984956467077,0.8333333333333334,35.0,0.0,0.0,0.0,0.0,0.0,0.0,0.0,0.0,0.0,0.0,0.0,0.0,0.0,0.0,0.0,0.0,0.0,0.0,0.0,0.0,0.0,0.0,0.0,0.0,0.0,0.0,0.0,0.0,0.0,0.0,0.0,0.0,0.0,0.0,0.0,0.0,0.0,0.0,0.0,0.0,0.0,0.0,0.0,0.0,0.0,0.0,0.0,0.0,0.0,0.0,0.0,0.0,0.0,0.0,0.0,0.0,0.0,0.0,0.0,0.0,0.0,0.0,0.0,0.0,0.0,4.0,0.0,168.0,11.0,42.0,0.9090909090909091,7.0,0.0,0.0,0.8333333333333334,35.0,1.0,7.0,0.0,7.0,0.8333333333333334,35.0,42.0,0.8974358974358975,7.0,1.0,0.027777777777777776,0.8095238095238095,36.0,0.9722222222222222,8.0,0.0,8.0,0.8333333333333334,35.0,42.0,0.8974358974358975,7.0,1.0,0.027777777777777776,0.8095238095238095,36.0,0.9722222222222222,8.0,0.0,8.0,0.8333333333333334,35.0,42.0,0.8974358974358975,7.0,1.0,0.027777777777777776,0.8095238095238095,36.0,0.9722222222222222,8.0,0.0,8.0,0.8333333333333334,35.0,42.0,0.9090909090909091,7.0,0.0,0.0,0.8333333333333334,35.0,1.0,7.0,0.0,7.0,0.8333333333333334,35.0,172.0,0.22216585792759286,200.0,0.0,1003.2380051612854,42.0,0.8974358974358975,7.0,1.0,0.027777777777777776,0.8095238095238095,42.25454932106095,36.0,3.827811193156911,0.9722222222222222,8.0,0.0,8.0,0.8333333333333334,35.0,42.0,0.8974358974358975,7.0,1.0,0.027777777777777776,0.8095238095238095,42.25454932106095,36.0,3.827811193156911,0.9722222222222222,8.0,0.0,8.0,0.8333333333333334,35.0,42.0,0.8974358974358975,7.0,1.0,0.027777777777777776,0.8095238095238095,42.25454932106095,36.0,3.827811193156911,0.9722222222222222,8.0,0.0,8.0,0.8333333333333334,35.0,42.0,0.9090909090909091,7.0,0.0,0.0,0.8333333333333334,666.772046975901,35.0,3.8150399911163544,1.0,7.0,0.0,7.0,0.8333333333333334,35.0,2219.111896724418,0.9797979797979798,5,4,,5,notears,er,4,False,4,cliquefree_er,1.0,None,False,200,11,0,2,gauss,1.1,0.4,2,0.2,0.5,l1,scalar,first_cycle,first_clique,0.1,1,weights,1,True,True,True,2,2,10.0,10000000000.0,1.01,True,True,False,True,10,True,1e-06,0,1,none,1.0,1.0,l2,1,5,0.8,1,delayed_separation,A,delayed_separation,5,10,0.001,True,False,False,l1,,,,,,,0.001,,False,20,cycle_first,False,0.01,1000,100.0,elmo3-2.hw.elixir-czech.cz
/Users/xiaoyuhe/project-bestdagsolverintheworld/dagsolvers/metacentrum_runs/22245761.pbs-m1.metacentrum.cz/dagsolvers,962172286686908027,7c91235068c24e64a04f3dc681b108c8,unleashed-stoat-821,3,FINISHED,1784240638086,1784241640637,1002.551,B,B1,METHOD_B1_FIRST_MINIMAL_K_PLUS_1,4,1,11,200,closest_time,/Users/xiaoyuhe/project-bestdagsolverintheworld/dagsolvers/metacentrum_runs/22245761.pbs-m1.metacentrum.cz/dagsolvers/multirun/2026-07-17/00-23-56/0/.hydra/config.yaml,/Users/xiaoyuhe/project-bestdagsolverintheworld/dagsolvers/metacentrum_runs/22245761.pbs-m1.metacentrum.cz/dagsolvers/mlruns/962172286686908027/7c91235068c24e64a04f3dc681b108c8,217,72,43.0,0.9382716049382717,5.0,0.0,0.0,0.8837209302325582,43.63851877231309,38.0,2.8324215910756627,1.0,5.0,0.0,5.0,0.6058355482911892,0.8837209302325582,38.0,0.0,0.0,0.0,0.0,0.0,0.0,0.0,0.0,0.0,0.0,0.0,0.0,0.0,0.0,0.0,0.0,0.0,0.0,0.0,0.0,0.0,0.0,0.0,0.0,0.0,0.0,0.0,0.0,0.0,0.0,0.0,0.0,0.0,0.0,0.0,0.0,0.0,0.0,0.0,0.0,0.0,0.0,0.0,0.0,0.0,0.0,0.0,0.0,0.0,0.0,0.0,0.0,0.0,0.0,0.0,0.0,0.0,0.0,0.0,0.0,0.0,0.0,0.0,0.0,0.0,32.0,0.0,765.0,11.0,43.0,0.9382716049382717,5.0,0.0,0.0,0.8837209302325582,38.0,1.0,5.0,0.0,5.0,0.8837209302325582,38.0,43.0,0.9382716049382717,5.0,0.0,0.0,0.8837209302325582,38.0,1.0,5.0,0.0,5.0,0.8837209302325582,38.0,43.0,0.9382716049382717,5.0,0.0,0.0,0.8837209302325582,38.0,1.0,5.0,0.0,5.0,0.8837209302325582,38.0,43.0,0.9382716049382717,5.0,0.0,0.0,0.8837209302325582,38.0,1.0,5.0,0.0,5.0,0.8837209302325582,38.0,43.0,0.9382716049382717,5.0,0.0,0.0,0.8837209302325582,38.0,1.0,5.0,0.0,5.0,0.8837209302325582,38.0,797.0,0.14893701641736093,200.0,0.0,1002.0796785354614,43.0,0.9382716049382717,5.0,0.0,0.0,0.8837209302325582,43.63851877231309,38.0,2.8324215910756627,1.0,5.0,0.0,5.0,0.8837209302325582,38.0,43.0,0.9382716049382717,5.0,0.0,0.0,0.8837209302325582,43.63851877231309,38.0,2.8324215910756627,1.0,5.0,0.0,5.0,0.8837209302325582,38.0,43.0,0.9382716049382717,5.0,0.0,0.0,0.8837209302325582,43.63851877231309,38.0,2.8324215910756627,1.0,5.0,0.0,5.0,0.8837209302325582,38.0,43.0,0.9382716049382717,5.0,0.0,0.0,0.8837209302325582,43.63851877231309,38.0,2.8324215910756627,1.0,5.0,0.0,5.0,0.8837209302325582,38.0,2246.4953001128347,0.9642857142857143,5,4,,5,notears,er,4,False,4,cliquefree_er,1.0,None,False,200,11,0,1,gauss,1.1,0.4,2,0.2,0.5,l1,scalar,all_cycles,all_cliques,,5,weights,5,False,True,False,,2,10.0,10000000000.0,1.01,True,True,False,True,10,True,1e-06,0,1,none,1.0,1.0,l2,1,5,,0,controlled_cut_addition,B1,controlled_cut_addition,5,10,0.001,True,False,False,l1,,,,,,,0.001,,False,20,cycle_first,False,0.01,1000,100.0,elmo3-2.hw.elixir-czech.cz
/Users/xiaoyuhe/project-bestdagsolverintheworld/dagsolvers/metacentrum_runs/22245761.pbs-m1.metacentrum.cz/dagsolvers,962172286686908027,7cc1bd2ff68c4b239f0a3d5aa73d22da,bald-calf-86,3,FINISHED,1784241640913,1784242643679,1002.766,B,B1,METHOD_B1_FIRST_MINIMAL_K_PLUS_1,4,2,11,200,closest_time,/Users/xiaoyuhe/project-bestdagsolverintheworld/dagsolvers/metacentrum_runs/22245761.pbs-m1.metacentrum.cz/dagsolvers/multirun/2026-07-17/00-23-56/1/.hydra/config.yaml,/Users/xiaoyuhe/project-bestdagsolverintheworld/dagsolvers/metacentrum_runs/22245761.pbs-m1.metacentrum.cz/dagsolvers/mlruns/962172286686908027/7cc1bd2ff68c4b239f0a3d5aa73d22da,217,72,42.0,0.9090909090909091,7.0,0.0,0.0,0.8333333333333334,666.772260260042,35.0,3.815301088212692,1.0,7.0,0.0,7.0,0.6709849564670772,0.8333333333333334,35.0,0.0,0.0,0.0,0.0,0.0,0.0,0.0,0.0,0.0,0.0,0.0,0.0,0.0,0.0,0.0,0.0,0.0,0.0,0.0,0.0,0.0,0.0,0.0,0.0,0.0,0.0,0.0,0.0,0.0,0.0,0.0,0.0,0.0,0.0,0.0,0.0,0.0,0.0,0.0,0.0,0.0,0.0,0.0,0.0,0.0,0.0,0.0,0.0,0.0,0.0,0.0,0.0,0.0,0.0,0.0,0.0,0.0,0.0,0.0,0.0,0.0,0.0,0.0,0.0,0.0,33.0,0.0,601.0,11.0,42.0,0.9090909090909091,7.0,0.0,0.0,0.8333333333333334,35.0,1.0,7.0,0.0,7.0,0.8333333333333334,35.0,42.0,0.8974358974358975,7.0,1.0,0.027777777777777776,0.8095238095238095,36.0,0.9722222222222222,8.0,0.0,8.0,0.8333333333333334,35.0,42.0,0.8974358974358975,7.0,1.0,0.027777777777777776,0.8095238095238095,36.0,0.9722222222222222,8.0,0.0,8.0,0.8333333333333334,35.0,42.0,0.8974358974358975,7.0,1.0,0.027777777777777776,0.8095238095238095,36.0,0.9722222222222222,8.0,0.0,8.0,0.8333333333333334,35.0,42.0,0.9090909090909091,7.0,0.0,0.0,0.8333333333333334,35.0,1.0,7.0,0.0,7.0,0.8333333333333334,35.0,634.0,0.16462694574134104,200.0,0.0,1002.3162369728088,42.0,0.8974358974358975,7.0,1.0,0.027777777777777776,0.8095238095238095,42.25476260520509,36.0,3.828071419181885,0.9722222222222222,8.0,0.0,8.0,0.8333333333333334,35.0,42.0,0.8974358974358975,7.0,1.0,0.027777777777777776,0.8095238095238095,42.25476260520509,36.0,3.828071419181885,0.9722222222222222,8.0,0.0,8.0,0.8333333333333334,35.0,42.0,0.8974358974358975,7.0,1.0,0.027777777777777776,0.8095238095238095,42.25476260520509,36.0,3.828071419181885,0.9722222222222222,8.0,0.0,8.0,0.8333333333333334,35.0,42.0,0.9090909090909091,7.0,0.0,0.0,0.8333333333333334,666.772260260042,35.0,3.815301088212692,1.0,7.0,0.0,7.0,0.8333333333333334,35.0,2219.111896724418,0.9797979797979798,5,4,,5,notears,er,4,False,4,cliquefree_er,1.0,None,False,200,11,0,2,gauss,1.1,0.4,2,0.2,0.5,l1,scalar,all_cycles,all_cliques,,5,weights,5,False,True,False,,2,10.0,10000000000.0,1.01,True,True,False,True,10,True,1e-06,0,1,none,1.0,1.0,l2,1,5,,0,controlled_cut_addition,B1,controlled_cut_addition,5,10,0.001,True,False,False,l1,,,,,,,0.001,,False,20,cycle_first,False,0.01,1000,100.0,elmo3-2.hw.elixir-czech.cz
/Users/xiaoyuhe/project-bestdagsolverintheworld/dagsolvers/metacentrum_runs/22245761.pbs-m1.metacentrum.cz/dagsolvers,800467768359478021,26b88823b6ae4830bfb6fa58cfb90ec8,unleashed-stoat-821,3,FINISHED,1784242714004,1784243716282,1002.278,B,B2,METHOD_B2_ALL_K_PLUS_1,4,1,11,200,closest_time,/Users/xiaoyuhe/project-bestdagsolverintheworld/dagsolvers/metacentrum_runs/22245761.pbs-m1.metacentrum.cz/dagsolvers/multirun/2026-07-17/00-58-32/0/.hydra/config.yaml,/Users/xiaoyuhe/project-bestdagsolverintheworld/dagsolvers/metacentrum_runs/22245761.pbs-m1.metacentrum.cz/dagsolvers/mlruns/800467768359478021/26b88823b6ae4830bfb6fa58cfb90ec8,217,72,43.0,0.9382716049382717,5.0,0.0,0.0,0.8837209302325582,43.63774271684133,38.0,2.832509651113348,1.0,5.0,0.0,5.0,0.6058355482911937,0.8837209302325582,38.0,0.0,0.0,0.0,0.0,0.0,0.0,0.0,0.0,0.0,0.0,0.0,0.0,0.0,0.0,0.0,0.0,0.0,0.0,0.0,0.0,0.0,0.0,0.0,0.0,0.0,0.0,0.0,0.0,0.0,0.0,0.0,0.0,0.0,0.0,0.0,0.0,0.0,0.0,0.0,0.0,0.0,0.0,0.0,0.0,0.0,0.0,0.0,0.0,0.0,0.0,0.0,0.0,0.0,0.0,0.0,0.0,0.0,0.0,0.0,0.0,0.0,0.0,0.0,0.0,0.0,129.0,0.0,758.0,11.0,43.0,0.9382716049382717,5.0,0.0,0.0,0.8837209302325582,38.0,1.0,5.0,0.0,5.0,0.8837209302325582,38.0,43.0,0.9382716049382717,5.0,0.0,0.0,0.8837209302325582,38.0,1.0,5.0,0.0,5.0,0.8837209302325582,38.0,43.0,0.9382716049382717,5.0,0.0,0.0,0.8837209302325582,38.0,1.0,5.0,0.0,5.0,0.8837209302325582,38.0,43.0,0.9382716049382717,5.0,0.0,0.0,0.8837209302325582,38.0,1.0,5.0,0.0,5.0,0.8837209302325582,38.0,43.0,0.9382716049382717,5.0,0.0,0.0,0.8837209302325582,38.0,1.0,5.0,0.0,5.0,0.8837209302325582,38.0,887.0,0.20151443763588142,200.0,0.0,1001.7982504367828,43.0,0.9382716049382717,5.0,0.0,0.0,0.8837209302325582,43.63774271684133,38.0,2.832509651113348,1.0,5.0,0.0,5.0,0.8837209302325582,38.0,43.0,0.9382716049382717,5.0,0.0,0.0,0.8837209302325582,43.63774271684133,38.0,2.832509651113348,1.0,5.0,0.0,5.0,0.8837209302325582,38.0,43.0,0.9382716049382717,5.0,0.0,0.0,0.8837209302325582,43.63774271684133,38.0,2.832509651113348,1.0,5.0,0.0,5.0,0.8837209302325582,38.0,43.0,0.9382716049382717,5.0,0.0,0.0,0.8837209302325582,43.63774271684133,38.0,2.832509651113348,1.0,5.0,0.0,5.0,0.8837209302325582,38.0,2246.4953001128347,0.9642857142857143,5,4,,5,notears,er,4,False,4,cliquefree_er,1.0,None,False,200,11,0,1,gauss,1.1,0.4,2,0.2,0.5,l1,scalar,all_cycles,all_cliques,,5,weights,5,False,True,False,,2,10.0,10000000000.0,1.01,True,True,False,True,10,True,1e-06,0,1,none,1.0,1.0,l2,0,5,,0,controlled_cut_addition,B2,controlled_cut_addition,5,10,0.001,True,False,False,l1,,,,,,,0.001,,False,20,cycle_first,False,0.01,1000,100.0,elmo3-2.hw.elixir-czech.cz
/Users/xiaoyuhe/project-bestdagsolverintheworld/dagsolvers/metacentrum_runs/22245761.pbs-m1.metacentrum.cz/dagsolvers,800467768359478021,b5e566f4a05d4293bb1a69b070ef00fd,bald-calf-86,3,FINISHED,1784243716555,1784244719071,1002.516,B,B2,METHOD_B2_ALL_K_PLUS_1,4,2,11,200,closest_time,/Users/xiaoyuhe/project-bestdagsolverintheworld/dagsolvers/metacentrum_runs/22245761.pbs-m1.metacentrum.cz/dagsolvers/multirun/2026-07-17/00-58-32/1/.hydra/config.yaml,/Users/xiaoyuhe/project-bestdagsolverintheworld/dagsolvers/metacentrum_runs/22245761.pbs-m1.metacentrum.cz/dagsolvers/mlruns/800467768359478021/b5e566f4a05d4293bb1a69b070ef00fd,217,72,42.0,0.9090909090909091,7.0,0.0,0.0,0.8333333333333334,666.7685170285499,35.0,3.8150525654684317,1.0,7.0,0.0,7.0,0.6709849564670771,0.8333333333333334,35.0,0.0,0.0,0.0,0.0,0.0,0.0,0.0,0.0,0.0,0.0,0.0,0.0,0.0,0.0,0.0,0.0,0.0,0.0,0.0,0.0,0.0,0.0,0.0,0.0,0.0,0.0,0.0,0.0,0.0,0.0,0.0,0.0,0.0,0.0,0.0,0.0,0.0,0.0,0.0,0.0,0.0,0.0,0.0,0.0,0.0,0.0,0.0,0.0,0.0,0.0,0.0,0.0,0.0,0.0,0.0,0.0,0.0,0.0,0.0,0.0,0.0,0.0,0.0,0.0,0.0,77.0,0.0,471.0,11.0,42.0,0.9090909090909091,7.0,0.0,0.0,0.8333333333333334,35.0,1.0,7.0,0.0,7.0,0.8333333333333334,35.0,42.0,0.8974358974358975,7.0,1.0,0.027777777777777776,0.8095238095238095,36.0,0.9722222222222222,8.0,0.0,8.0,0.8333333333333334,35.0,42.0,0.8974358974358975,7.0,1.0,0.027777777777777776,0.8095238095238095,36.0,0.9722222222222222,8.0,0.0,8.0,0.8333333333333334,35.0,42.0,0.8974358974358975,7.0,1.0,0.027777777777777776,0.8095238095238095,36.0,0.9722222222222222,8.0,0.0,8.0,0.8333333333333334,35.0,42.0,0.9090909090909091,7.0,0.0,0.0,0.8333333333333334,35.0,1.0,7.0,0.0,7.0,0.8333333333333334,35.0,548.0,0.23859676866043036,200.0,0.0,1002.0669693946838,42.0,0.8974358974358975,7.0,1.0,0.027777777777777776,0.8095238095238095,42.25101937370755,36.0,3.827823725555753,0.9722222222222222,8.0,0.0,8.0,0.8333333333333334,35.0,42.0,0.8974358974358975,7.0,1.0,0.027777777777777776,0.8095238095238095,42.25101937370755,36.0,3.827823725555753,0.9722222222222222,8.0,0.0,8.0,0.8333333333333334,35.0,42.0,0.8974358974358975,7.0,1.0,0.027777777777777776,0.8095238095238095,42.25101937370755,36.0,3.827823725555753,0.9722222222222222,8.0,0.0,8.0,0.8333333333333334,35.0,42.0,0.9090909090909091,7.0,0.0,0.0,0.8333333333333334,666.7685170285499,35.0,3.8150525654684317,1.0,7.0,0.0,7.0,0.8333333333333334,35.0,2219.111896724418,0.9797979797979798,5,4,,5,notears,er,4,False,4,cliquefree_er,1.0,None,False,200,11,0,2,gauss,1.1,0.4,2,0.2,0.5,l1,scalar,all_cycles,all_cliques,,5,weights,5,False,True,False,,2,10.0,10000000000.0,1.01,True,True,False,True,10,True,1e-06,0,1,none,1.0,1.0,l2,0,5,,0,controlled_cut_addition,B2,controlled_cut_addition,5,10,0.001,True,False,False,l1,,,,,,,0.001,,False,20,cycle_first,False,0.01,1000,100.0,elmo3-2.hw.elixir-czech.cz
/Users/xiaoyuhe/project-bestdagsolverintheworld/dagsolvers/metacentrum_runs/22245761.pbs-m1.metacentrum.cz/dagsolvers,322738559612384588,31b78fb700514e219e084da760e47396,unleashed-stoat-821,3,FINISHED,1784244789450,1784245792027,1002.577,B,B3,METHOD_B3_MOST_VIOLATED,4,1,11,200,closest_time,/Users/xiaoyuhe/project-bestdagsolverintheworld/dagsolvers/metacentrum_runs/22245761.pbs-m1.metacentrum.cz/dagsolvers/multirun/2026-07-17/01-33-07/0/.hydra/config.yaml,/Users/xiaoyuhe/project-bestdagsolverintheworld/dagsolvers/metacentrum_runs/22245761.pbs-m1.metacentrum.cz/dagsolvers/mlruns/322738559612384588/31b78fb700514e219e084da760e47396,217,72,43.0,0.9382716049382717,5.0,0.0,0.0,0.8837209302325582,43.63851877231309,38.0,2.8324215910756627,1.0,5.0,0.0,5.0,0.6058355482911892,0.8837209302325582,38.0,0.0,0.0,0.0,0.0,0.0,0.0,0.0,0.0,0.0,0.0,0.0,0.0,0.0,0.0,0.0,0.0,0.0,0.0,0.0,0.0,0.0,0.0,0.0,0.0,0.0,0.0,0.0,0.0,0.0,0.0,0.0,0.0,0.0,0.0,0.0,0.0,0.0,0.0,0.0,0.0,0.0,0.0,0.0,0.0,0.0,0.0,0.0,0.0,0.0,0.0,0.0,0.0,0.0,0.0,0.0,0.0,0.0,0.0,0.0,0.0,0.0,0.0,0.0,0.0,0.0,32.0,0.0,765.0,11.0,43.0,0.9382716049382717,5.0,0.0,0.0,0.8837209302325582,38.0,1.0,5.0,0.0,5.0,0.8837209302325582,38.0,43.0,0.9382716049382717,5.0,0.0,0.0,0.8837209302325582,38.0,1.0,5.0,0.0,5.0,0.8837209302325582,38.0,43.0,0.9382716049382717,5.0,0.0,0.0,0.8837209302325582,38.0,1.0,5.0,0.0,5.0,0.8837209302325582,38.0,43.0,0.9382716049382717,5.0,0.0,0.0,0.8837209302325582,38.0,1.0,5.0,0.0,5.0,0.8837209302325582,38.0,43.0,0.9382716049382717,5.0,0.0,0.0,0.8837209302325582,38.0,1.0,5.0,0.0,5.0,0.8837209302325582,38.0,797.0,0.1489705369640171,200.0,0.0,1002.0905168056488,43.0,0.9382716049382717,5.0,0.0,0.0,0.8837209302325582,43.63851877231309,38.0,2.8324215910756627,1.0,5.0,0.0,5.0,0.8837209302325582,38.0,43.0,0.9382716049382717,5.0,0.0,0.0,0.8837209302325582,43.63851877231309,38.0,2.8324215910756627,1.0,5.0,0.0,5.0,0.8837209302325582,38.0,43.0,0.9382716049382717,5.0,0.0,0.0,0.8837209302325582,43.63851877231309,38.0,2.8324215910756627,1.0,5.0,0.0,5.0,0.8837209302325582,38.0,43.0,0.9382716049382717,5.0,0.0,0.0,0.8837209302325582,43.63851877231309,38.0,2.8324215910756627,1.0,5.0,0.0,5.0,0.8837209302325582,38.0,2246.4953001128347,0.9642857142857143,5,4,,5,notears,er,4,False,4,cliquefree_er,1.0,None,False,200,11,0,1,gauss,1.1,0.4,2,0.2,0.5,l1,scalar,all_cycles,all_cliques,,5,weights,5,False,True,False,,2,10.0,10000000000.0,1.01,True,True,False,True,10,True,1e-06,0,1,none,1.0,1.0,l2,1,5,,0,controlled_cut_addition,B3,controlled_cut_addition,5,10,0.001,True,False,False,l1,,,,,,,0.001,,False,20,cycle_first,False,0.01,1000,100.0,elmo3-2.hw.elixir-czech.cz
/Users/xiaoyuhe/project-bestdagsolverintheworld/dagsolvers/metacentrum_runs/22245761.pbs-m1.metacentrum.cz/dagsolvers,322738559612384588,09bde806cc254f3ca817ca9b33f2b04a,bald-calf-86,3,FINISHED,1784245792370,1784246795169,1002.799,B,B3,METHOD_B3_MOST_VIOLATED,4,2,11,200,closest_time,/Users/xiaoyuhe/project-bestdagsolverintheworld/dagsolvers/metacentrum_runs/22245761.pbs-m1.metacentrum.cz/dagsolvers/multirun/2026-07-17/01-33-07/1/.hydra/config.yaml,/Users/xiaoyuhe/project-bestdagsolverintheworld/dagsolvers/metacentrum_runs/22245761.pbs-m1.metacentrum.cz/dagsolvers/mlruns/322738559612384588/09bde806cc254f3ca817ca9b33f2b04a,217,72,42.0,0.9090909090909091,7.0,0.0,0.0,0.8333333333333334,666.772260260042,35.0,3.815301088212692,1.0,7.0,0.0,7.0,0.6709849564670772,0.8333333333333334,35.0,0.0,0.0,0.0,0.0,0.0,0.0,0.0,0.0,0.0,0.0,0.0,0.0,0.0,0.0,0.0,0.0,0.0,0.0,0.0,0.0,0.0,0.0,0.0,0.0,0.0,0.0,0.0,0.0,0.0,0.0,0.0,0.0,0.0,0.0,0.0,0.0,0.0,0.0,0.0,0.0,0.0,0.0,0.0,0.0,0.0,0.0,0.0,0.0,0.0,0.0,0.0,0.0,0.0,0.0,0.0,0.0,0.0,0.0,0.0,0.0,0.0,0.0,0.0,0.0,0.0,33.0,0.0,601.0,11.0,42.0,0.9090909090909091,7.0,0.0,0.0,0.8333333333333334,35.0,1.0,7.0,0.0,7.0,0.8333333333333334,35.0,42.0,0.8974358974358975,7.0,1.0,0.027777777777777776,0.8095238095238095,36.0,0.9722222222222222,8.0,0.0,8.0,0.8333333333333334,35.0,42.0,0.8974358974358975,7.0,1.0,0.027777777777777776,0.8095238095238095,36.0,0.9722222222222222,8.0,0.0,8.0,0.8333333333333334,35.0,42.0,0.8974358974358975,7.0,1.0,0.027777777777777776,0.8095238095238095,36.0,0.9722222222222222,8.0,0.0,8.0,0.8333333333333334,35.0,42.0,0.9090909090909091,7.0,0.0,0.0,0.8333333333333334,35.0,1.0,7.0,0.0,7.0,0.8333333333333334,35.0,634.0,0.16436282615395087,200.0,0.0,1002.335410118103,42.0,0.8974358974358975,7.0,1.0,0.027777777777777776,0.8095238095238095,42.25476260520509,36.0,3.828071419181885,0.9722222222222222,8.0,0.0,8.0,0.8333333333333334,35.0,42.0,0.8974358974358975,7.0,1.0,0.027777777777777776,0.8095238095238095,42.25476260520509,36.0,3.828071419181885,0.9722222222222222,8.0,0.0,8.0,0.8333333333333334,35.0,42.0,0.8974358974358975,7.0,1.0,0.027777777777777776,0.8095238095238095,42.25476260520509,36.0,3.828071419181885,0.9722222222222222,8.0,0.0,8.0,0.8333333333333334,35.0,42.0,0.9090909090909091,7.0,0.0,0.0,0.8333333333333334,666.772260260042,35.0,3.815301088212692,1.0,7.0,0.0,7.0,0.8333333333333334,35.0,2219.111896724418,0.9797979797979798,5,4,,5,notears,er,4,False,4,cliquefree_er,1.0,None,False,200,11,0,2,gauss,1.1,0.4,2,0.2,0.5,l1,scalar,all_cycles,all_cliques,,5,weights,5,False,True,False,,2,10.0,10000000000.0,1.01,True,True,False,True,10,True,1e-06,0,1,none,1.0,1.0,l2,1,5,,0,controlled_cut_addition,B3,controlled_cut_addition,5,10,0.001,True,False,False,l1,,,,,,,0.001,,False,20,cycle_first,False,0.01,1000,100.0,elmo3-2.hw.elixir-czech.cz
/Users/xiaoyuhe/project-bestdagsolverintheworld/dagsolvers/metacentrum_runs/22245761.pbs-m1.metacentrum.cz/dagsolvers,231403698887660277,1f7949ddce264874a5633e30174dd8d5,unleashed-stoat-821,3,FINISHED,1784246866017,1784247868106,1002.089,B,B4,METHOD_B4_TOP_5,4,1,11,200,closest_time,/Users/xiaoyuhe/project-bestdagsolverintheworld/dagsolvers/metacentrum_runs/22245761.pbs-m1.metacentrum.cz/dagsolvers/multirun/2026-07-17/02-07-44/0/.hydra/config.yaml,/Users/xiaoyuhe/project-bestdagsolverintheworld/dagsolvers/metacentrum_runs/22245761.pbs-m1.metacentrum.cz/dagsolvers/mlruns/231403698887660277/1f7949ddce264874a5633e30174dd8d5,217,72,43.0,0.9382716049382717,5.0,0.0,0.0,0.8837209302325582,43.64103391169692,38.0,2.8324847244974944,1.0,5.0,0.0,5.0,0.6058355482911901,0.8837209302325582,38.0,0.0,0.0,0.0,0.0,0.0,0.0,0.0,0.0,0.0,0.0,0.0,0.0,0.0,0.0,0.0,0.0,0.0,0.0,0.0,0.0,0.0,0.0,0.0,0.0,0.0,0.0,0.0,0.0,0.0,0.0,0.0,0.0,0.0,0.0,0.0,0.0,0.0,0.0,0.0,0.0,0.0,0.0,0.0,0.0,0.0,0.0,0.0,0.0,0.0,0.0,0.0,0.0,0.0,0.0,0.0,0.0,0.0,0.0,0.0,0.0,0.0,0.0,0.0,0.0,0.0,94.0,0.0,880.0,11.0,43.0,0.9382716049382717,5.0,0.0,0.0,0.8837209302325582,38.0,1.0,5.0,0.0,5.0,0.8837209302325582,38.0,43.0,0.9382716049382717,5.0,0.0,0.0,0.8837209302325582,38.0,1.0,5.0,0.0,5.0,0.8837209302325582,38.0,43.0,0.9382716049382717,5.0,0.0,0.0,0.8837209302325582,38.0,1.0,5.0,0.0,5.0,0.8837209302325582,38.0,43.0,0.9382716049382717,5.0,0.0,0.0,0.8837209302325582,38.0,1.0,5.0,0.0,5.0,0.8837209302325582,38.0,43.0,0.9382716049382717,5.0,0.0,0.0,0.8837209302325582,38.0,1.0,5.0,0.0,5.0,0.8837209302325582,38.0,974.0,0.18917573390961828,200.0,0.0,1001.5979895591736,43.0,0.9382716049382717,5.0,0.0,0.0,0.8837209302325582,43.64103391169692,38.0,2.8324847244974944,1.0,5.0,0.0,5.0,0.8837209302325582,38.0,43.0,0.9382716049382717,5.0,0.0,0.0,0.8837209302325582,43.64103391169692,38.0,2.8324847244974944,1.0,5.0,0.0,5.0,0.8837209302325582,38.0,43.0,0.9382716049382717,5.0,0.0,0.0,0.8837209302325582,43.64103391169692,38.0,2.8324847244974944,1.0,5.0,0.0,5.0,0.8837209302325582,38.0,43.0,0.9382716049382717,5.0,0.0,0.0,0.8837209302325582,43.64103391169692,38.0,2.8324847244974944,1.0,5.0,0.0,5.0,0.8837209302325582,38.0,2246.4953001128347,0.9642857142857143,5,4,,5,notears,er,4,False,4,cliquefree_er,1.0,None,False,200,11,0,1,gauss,1.1,0.4,2,0.2,0.5,l1,scalar,all_cycles,all_cliques,,5,weights,5,False,True,False,,2,10.0,10000000000.0,1.01,True,True,False,True,10,True,1e-06,0,1,none,1.0,1.0,l2,5,5,,0,controlled_cut_addition,B4,controlled_cut_addition,5,10,0.001,True,False,False,l1,,,,,,,0.001,,False,20,cycle_first,False,0.01,1000,100.0,elmo3-2.hw.elixir-czech.cz
/Users/xiaoyuhe/project-bestdagsolverintheworld/dagsolvers/metacentrum_runs/22245761.pbs-m1.metacentrum.cz/dagsolvers,231403698887660277,09f3bbdcd9d34a2f8bf4c2d86548df3b,bald-calf-86,3,FINISHED,1784247868401,1784248870990,1002.589,B,B4,METHOD_B4_TOP_5,4,2,11,200,closest_time,/Users/xiaoyuhe/project-bestdagsolverintheworld/dagsolvers/metacentrum_runs/22245761.pbs-m1.metacentrum.cz/dagsolvers/multirun/2026-07-17/02-07-44/1/.hydra/config.yaml,/Users/xiaoyuhe/project-bestdagsolverintheworld/dagsolvers/metacentrum_runs/22245761.pbs-m1.metacentrum.cz/dagsolvers/mlruns/231403698887660277/09f3bbdcd9d34a2f8bf4c2d86548df3b,217,72,42.0,0.9090909090909091,7.0,0.0,0.0,0.8333333333333334,666.6434478222532,35.0,3.814397601186723,1.0,7.0,0.0,7.0,0.6709849564670771,0.8333333333333334,35.0,0.0,0.0,0.0,0.0,0.0,0.0,0.0,0.0,0.0,0.0,0.0,0.0,0.0,0.0,0.0,0.0,0.0,0.0,0.0,0.0,0.0,0.0,0.0,0.0,0.0,0.0,0.0,0.0,0.0,0.0,0.0,0.0,0.0,0.0,0.0,0.0,0.0,0.0,0.0,0.0,0.0,0.0,0.0,0.0,0.0,0.0,0.0,0.0,0.0,0.0,0.0,0.0,0.0,0.0,0.0,0.0,0.0,0.0,0.0,0.0,0.0,0.0,0.0,0.0,0.0,70.0,0.0,466.0,11.0,42.0,0.9090909090909091,7.0,0.0,0.0,0.8333333333333334,35.0,1.0,7.0,0.0,7.0,0.8333333333333334,35.0,42.0,0.8974358974358975,7.0,1.0,0.027777777777777776,0.8095238095238095,36.0,0.9722222222222222,8.0,0.0,8.0,0.8333333333333334,35.0,42.0,0.8974358974358975,7.0,1.0,0.027777777777777776,0.8095238095238095,36.0,0.9722222222222222,8.0,0.0,8.0,0.8333333333333334,35.0,42.0,0.8974358974358975,7.0,1.0,0.027777777777777776,0.8095238095238095,36.0,0.9722222222222222,8.0,0.0,8.0,0.8333333333333334,35.0,42.0,0.9090909090909091,7.0,0.0,0.0,0.8333333333333334,35.0,1.0,7.0,0.0,7.0,0.8333333333333334,35.0,536.0,0.21557179570636936,200.0,0.0,1002.1250514984131,42.0,0.8974358974358975,7.0,1.0,0.027777777777777776,0.8095238095238095,42.2506239055142,36.0,3.8271709468717603,0.9722222222222222,8.0,0.0,8.0,0.8333333333333334,35.0,42.0,0.8974358974358975,7.0,1.0,0.027777777777777776,0.8095238095238095,42.2506239055142,36.0,3.8271709468717603,0.9722222222222222,8.0,0.0,8.0,0.8333333333333334,35.0,42.0,0.8974358974358975,7.0,1.0,0.027777777777777776,0.8095238095238095,42.2506239055142,36.0,3.8271709468717603,0.9722222222222222,8.0,0.0,8.0,0.8333333333333334,35.0,42.0,0.9090909090909091,7.0,0.0,0.0,0.8333333333333334,666.6434478222532,35.0,3.814397601186723,1.0,7.0,0.0,7.0,0.8333333333333334,35.0,2219.111896724418,0.9797979797979798,5,4,,5,notears,er,4,False,4,cliquefree_er,1.0,None,False,200,11,0,2,gauss,1.1,0.4,2,0.2,0.5,l1,scalar,all_cycles,all_cliques,,5,weights,5,False,True,False,,2,10.0,10000000000.0,1.01,True,True,False,True,10,True,1e-06,0,1,none,1.0,1.0,l2,5,5,,0,controlled_cut_addition,B4,controlled_cut_addition,5,10,0.001,True,False,False,l1,,,,,,,0.001,,False,20,cycle_first,False,0.01,1000,100.0,elmo3-2.hw.elixir-czech.cz
/Users/xiaoyuhe/project-bestdagsolverintheworld/dagsolvers/metacentrum_runs/22245761.pbs-m1.metacentrum.cz/dagsolvers,346590215199191779,92a5d296fbe04fd190580eb6b8d8d0a3,unleashed-stoat-821,3,FINISHED,1784248942399,1784249944767,1002.368,B,B5,METHOD_B5_TOP_5_DEDUP_CAP_5,4,1,11,200,closest_time,/Users/xiaoyuhe/project-bestdagsolverintheworld/dagsolvers/metacentrum_runs/22245761.pbs-m1.metacentrum.cz/dagsolvers/multirun/2026-07-17/02-42-20/0/.hydra/config.yaml,/Users/xiaoyuhe/project-bestdagsolverintheworld/dagsolvers/metacentrum_runs/22245761.pbs-m1.metacentrum.cz/dagsolvers/mlruns/346590215199191779/92a5d296fbe04fd190580eb6b8d8d0a3,217,72,43.0,0.9382716049382717,5.0,0.0,0.0,0.8837209302325582,43.64103391169692,38.0,2.8324847244974944,1.0,5.0,0.0,5.0,0.6058355482911901,0.8837209302325582,38.0,0.0,0.0,0.0,0.0,0.0,0.0,0.0,0.0,0.0,0.0,0.0,0.0,0.0,0.0,0.0,0.0,0.0,0.0,0.0,0.0,0.0,0.0,0.0,0.0,0.0,0.0,0.0,0.0,0.0,0.0,0.0,0.0,0.0,0.0,0.0,0.0,0.0,0.0,0.0,0.0,0.0,0.0,0.0,0.0,0.0,0.0,0.0,0.0,0.0,0.0,0.0,0.0,0.0,0.0,0.0,0.0,0.0,0.0,0.0,0.0,0.0,0.0,0.0,0.0,0.0,94.0,0.0,880.0,11.0,43.0,0.9382716049382717,5.0,0.0,0.0,0.8837209302325582,38.0,1.0,5.0,0.0,5.0,0.8837209302325582,38.0,43.0,0.9382716049382717,5.0,0.0,0.0,0.8837209302325582,38.0,1.0,5.0,0.0,5.0,0.8837209302325582,38.0,43.0,0.9382716049382717,5.0,0.0,0.0,0.8837209302325582,38.0,1.0,5.0,0.0,5.0,0.8837209302325582,38.0,43.0,0.9382716049382717,5.0,0.0,0.0,0.8837209302325582,38.0,1.0,5.0,0.0,5.0,0.8837209302325582,38.0,43.0,0.9382716049382717,5.0,0.0,0.0,0.8837209302325582,38.0,1.0,5.0,0.0,5.0,0.8837209302325582,38.0,974.0,0.1898510092434084,200.0,0.0,1001.8668386936188,43.0,0.9382716049382717,5.0,0.0,0.0,0.8837209302325582,43.64103391169692,38.0,2.8324847244974944,1.0,5.0,0.0,5.0,0.8837209302325582,38.0,43.0,0.9382716049382717,5.0,0.0,0.0,0.8837209302325582,43.64103391169692,38.0,2.8324847244974944,1.0,5.0,0.0,5.0,0.8837209302325582,38.0,43.0,0.9382716049382717,5.0,0.0,0.0,0.8837209302325582,43.64103391169692,38.0,2.8324847244974944,1.0,5.0,0.0,5.0,0.8837209302325582,38.0,43.0,0.9382716049382717,5.0,0.0,0.0,0.8837209302325582,43.64103391169692,38.0,2.8324847244974944,1.0,5.0,0.0,5.0,0.8837209302325582,38.0,2246.4953001128347,0.9642857142857143,5,4,,5,notears,er,4,False,4,cliquefree_er,1.0,None,False,200,11,0,1,gauss,1.1,0.4,2,0.2,0.5,l1,scalar,all_cycles,all_cliques,,5,weights,5,True,True,False,,2,10.0,10000000000.0,1.01,True,True,False,True,10,True,1e-06,0,1,none,1.0,1.0,l2,5,5,,0,controlled_cut_addition,B5,controlled_cut_addition,5,10,0.001,True,False,False,l1,,,,,,,0.001,,False,20,cycle_first,False,0.01,1000,100.0,elmo3-2.hw.elixir-czech.cz
/Users/xiaoyuhe/project-bestdagsolverintheworld/dagsolvers/metacentrum_runs/22245761.pbs-m1.metacentrum.cz/dagsolvers,346590215199191779,802b28506de94cb78cce66139e5d653d,bald-calf-86,3,FINISHED,1784249945047,1784250947932,1002.885,B,B5,METHOD_B5_TOP_5_DEDUP_CAP_5,4,2,11,200,closest_time,/Users/xiaoyuhe/project-bestdagsolverintheworld/dagsolvers/metacentrum_runs/22245761.pbs-m1.metacentrum.cz/dagsolvers/multirun/2026-07-17/02-42-20/1/.hydra/config.yaml,/Users/xiaoyuhe/project-bestdagsolverintheworld/dagsolvers/metacentrum_runs/22245761.pbs-m1.metacentrum.cz/dagsolvers/mlruns/346590215199191779/802b28506de94cb78cce66139e5d653d,217,72,42.0,0.9090909090909091,7.0,0.0,0.0,0.8333333333333334,666.6434478222532,35.0,3.814397601186723,1.0,7.0,0.0,7.0,0.6709849564670771,0.8333333333333334,35.0,0.0,0.0,0.0,0.0,0.0,0.0,0.0,0.0,0.0,0.0,0.0,0.0,0.0,0.0,0.0,0.0,0.0,0.0,0.0,0.0,0.0,0.0,0.0,0.0,0.0,0.0,0.0,0.0,0.0,0.0,0.0,0.0,0.0,0.0,0.0,0.0,0.0,0.0,0.0,0.0,0.0,0.0,0.0,0.0,0.0,0.0,0.0,0.0,0.0,0.0,0.0,0.0,0.0,0.0,0.0,0.0,0.0,0.0,0.0,0.0,0.0,0.0,0.0,0.0,0.0,70.0,0.0,466.0,11.0,42.0,0.9090909090909091,7.0,0.0,0.0,0.8333333333333334,35.0,1.0,7.0,0.0,7.0,0.8333333333333334,35.0,42.0,0.8974358974358975,7.0,1.0,0.027777777777777776,0.8095238095238095,36.0,0.9722222222222222,8.0,0.0,8.0,0.8333333333333334,35.0,42.0,0.8974358974358975,7.0,1.0,0.027777777777777776,0.8095238095238095,36.0,0.9722222222222222,8.0,0.0,8.0,0.8333333333333334,35.0,42.0,0.8974358974358975,7.0,1.0,0.027777777777777776,0.8095238095238095,36.0,0.9722222222222222,8.0,0.0,8.0,0.8333333333333334,35.0,42.0,0.9090909090909091,7.0,0.0,0.0,0.8333333333333334,35.0,1.0,7.0,0.0,7.0,0.8333333333333334,35.0,536.0,0.21615041899736015,200.0,0.0,1002.4055173397064,42.0,0.8974358974358975,7.0,1.0,0.027777777777777776,0.8095238095238095,42.2506239055142,36.0,3.8271709468717603,0.9722222222222222,8.0,0.0,8.0,0.8333333333333334,35.0,42.0,0.8974358974358975,7.0,1.0,0.027777777777777776,0.8095238095238095,42.2506239055142,36.0,3.8271709468717603,0.9722222222222222,8.0,0.0,8.0,0.8333333333333334,35.0,42.0,0.8974358974358975,7.0,1.0,0.027777777777777776,0.8095238095238095,42.2506239055142,36.0,3.8271709468717603,0.9722222222222222,8.0,0.0,8.0,0.8333333333333334,35.0,42.0,0.9090909090909091,7.0,0.0,0.0,0.8333333333333334,666.6434478222532,35.0,3.814397601186723,1.0,7.0,0.0,7.0,0.8333333333333334,35.0,2219.111896724418,0.9797979797979798,5,4,,5,notears,er,4,False,4,cliquefree_er,1.0,None,False,200,11,0,2,gauss,1.1,0.4,2,0.2,0.5,l1,scalar,all_cycles,all_cliques,,5,weights,5,True,True,False,,2,10.0,10000000000.0,1.01,True,True,False,True,10,True,1e-06,0,1,none,1.0,1.0,l2,5,5,,0,controlled_cut_addition,B5,controlled_cut_addition,5,10,0.001,True,False,False,l1,,,,,,,0.001,,False,20,cycle_first,False,0.01,1000,100.0,elmo3-2.hw.elixir-czech.cz
/Users/xiaoyuhe/project-bestdagsolverintheworld/dagsolvers/metacentrum_runs/22245761.pbs-m1.metacentrum.cz/dagsolvers,373911225839287979,94c62cadfeb24fccaf3378d12ca41939,unleashed-stoat-821,3,FINISHED,1784251017948,1784252020060,1002.112,C,C1,METHOD_C1_NO_REPAIR,4,1,11,200,closest_time,/Users/xiaoyuhe/project-bestdagsolverintheworld/dagsolvers/metacentrum_runs/22245761.pbs-m1.metacentrum.cz/dagsolvers/multirun/2026-07-17/03-16-56/0/.hydra/config.yaml,/Users/xiaoyuhe/project-bestdagsolverintheworld/dagsolvers/metacentrum_runs/22245761.pbs-m1.metacentrum.cz/dagsolvers/mlruns/373911225839287979/94c62cadfeb24fccaf3378d12ca41939,217,82,43.0,0.9382716049382717,5.0,0.0,0.0,0.8837209302325582,43.63667412648556,38.0,2.8324942809802334,1.0,5.0,0.0,5.0,0.6058355482911929,0.8837209302325582,38.0,0.0,0.0,0.0,0.0,0.0,0.0,0.0,0.0,0.0,0.0,0.0,0.0,0.0,0.0,0.0,0.0,0.0,0.0,0.0,0.0,0.0,0.0,0.0,0.0,0.0,0.0,0.0,0.0,0.0,0.0,0.0,0.0,0.0,0.0,0.0,0.0,0.0,0.0,0.0,0.0,0.0,0.0,0.0,0.0,0.0,0.0,0.0,0.0,0.0,0.0,0.0,0.0,0.0,0.0,0.0,0.0,0.0,0.0,0.0,0.0,0.0,0.0,0.0,0.0,0.0,82.0,0.0,791.0,11.0,43.0,0.9382716049382717,5.0,0.0,0.0,0.8837209302325582,38.0,1.0,5.0,0.0,5.0,0.8837209302325582,38.0,43.0,0.9382716049382717,5.0,0.0,0.0,0.8837209302325582,38.0,1.0,5.0,0.0,5.0,0.8837209302325582,38.0,43.0,0.9382716049382717,5.0,0.0,0.0,0.8837209302325582,38.0,1.0,5.0,0.0,5.0,0.8837209302325582,38.0,43.0,0.9382716049382717,5.0,0.0,0.0,0.8837209302325582,38.0,1.0,5.0,0.0,5.0,0.8837209302325582,38.0,43.0,0.9382716049382717,5.0,0.0,0.0,0.8837209302325582,38.0,1.0,5.0,0.0,5.0,0.8837209302325582,38.0,873.0,0.15456511957316418,200.0,0.0,1001.5888440608978,43.0,0.9382716049382717,5.0,0.0,0.0,0.8837209302325582,43.63667412648556,38.0,2.8324942809802334,1.0,5.0,0.0,5.0,0.8837209302325582,38.0,43.0,0.9382716049382717,5.0,0.0,0.0,0.8837209302325582,43.63667412648556,38.0,2.8324942809802334,1.0,5.0,0.0,5.0,0.8837209302325582,38.0,43.0,0.9382716049382717,5.0,0.0,0.0,0.8837209302325582,43.63667412648556,38.0,2.8324942809802334,1.0,5.0,0.0,5.0,0.8837209302325582,38.0,43.0,0.9382716049382717,5.0,0.0,0.0,0.8837209302325582,43.63667412648556,38.0,2.8324942809802334,1.0,5.0,0.0,5.0,0.8837209302325582,38.0,2246.4953001128347,0.9642857142857143,5,4,,5,notears,er,4,False,4,cliquefree_er,1.0,None,False,200,11,0,1,gauss,1.1,0.4,2,0.2,0.5,l1,scalar,all_cycles,all_cliques,0.1,5,weights,5,True,True,False,2,2,10.0,10000000000.0,1.01,True,True,False,True,10,True,1e-06,0,1,none,1.0,1.0,l2,0,5,0.8,0,repair_incumbent,C1,repair_incumbent,5,10,0.001,True,False,False,l1,repair_cut_cache,False,violation_loss,1.0,2,auto,0.001,1.0,False,20,cycle_first,False,0.01,1000,100.0,elmo3-2.hw.elixir-czech.cz
/Users/xiaoyuhe/project-bestdagsolverintheworld/dagsolvers/metacentrum_runs/22245761.pbs-m1.metacentrum.cz/dagsolvers,373911225839287979,0070a9f5e34242a59eb83a762619098a,bald-calf-86,3,FINISHED,1784252020328,1784253022908,1002.58,C,C1,METHOD_C1_NO_REPAIR,4,2,11,200,closest_time,/Users/xiaoyuhe/project-bestdagsolverintheworld/dagsolvers/metacentrum_runs/22245761.pbs-m1.metacentrum.cz/dagsolvers/multirun/2026-07-17/03-16-56/1/.hydra/config.yaml,/Users/xiaoyuhe/project-bestdagsolverintheworld/dagsolvers/metacentrum_runs/22245761.pbs-m1.metacentrum.cz/dagsolvers/mlruns/373911225839287979/0070a9f5e34242a59eb83a762619098a,217,82,42.0,0.9090909090909091,7.0,0.0,0.0,0.8333333333333334,666.7720931279937,35.0,3.8149503684824113,1.0,7.0,0.0,7.0,0.670984956467077,0.8333333333333334,35.0,0.0,0.0,0.0,0.0,0.0,0.0,0.0,0.0,0.0,0.0,0.0,0.0,0.0,0.0,0.0,0.0,0.0,0.0,0.0,0.0,0.0,0.0,0.0,0.0,0.0,0.0,0.0,0.0,0.0,0.0,0.0,0.0,0.0,0.0,0.0,0.0,0.0,0.0,0.0,0.0,0.0,0.0,0.0,0.0,0.0,0.0,0.0,0.0,0.0,0.0,0.0,0.0,0.0,0.0,0.0,0.0,0.0,0.0,0.0,0.0,0.0,0.0,0.0,0.0,0.0,87.0,0.0,477.0,11.0,42.0,0.9090909090909091,7.0,0.0,0.0,0.8333333333333334,35.0,1.0,7.0,0.0,7.0,0.8333333333333334,35.0,42.0,0.8974358974358975,7.0,1.0,0.027777777777777776,0.8095238095238095,36.0,0.9722222222222222,8.0,0.0,8.0,0.8333333333333334,35.0,42.0,0.8974358974358975,7.0,1.0,0.027777777777777776,0.8095238095238095,36.0,0.9722222222222222,8.0,0.0,8.0,0.8333333333333334,35.0,42.0,0.8974358974358975,7.0,1.0,0.027777777777777776,0.8095238095238095,36.0,0.9722222222222222,8.0,0.0,8.0,0.8333333333333334,35.0,42.0,0.9090909090909091,7.0,0.0,0.0,0.8333333333333334,35.0,1.0,7.0,0.0,7.0,0.8333333333333334,35.0,564.0,0.24901834570236026,200.0,0.0,1002.0865366458893,42.0,0.8974358974358975,7.0,1.0,0.027777777777777776,0.8095238095238095,42.254595473153586,36.0,3.8277218695490856,0.9722222222222222,8.0,0.0,8.0,0.8333333333333334,35.0,42.0,0.8974358974358975,7.0,1.0,0.027777777777777776,0.8095238095238095,42.254595473153586,36.0,3.8277218695490856,0.9722222222222222,8.0,0.0,8.0,0.8333333333333334,35.0,42.0,0.8974358974358975,7.0,1.0,0.027777777777777776,0.8095238095238095,42.254595473153586,36.0,3.8277218695490856,0.9722222222222222,8.0,0.0,8.0,0.8333333333333334,35.0,42.0,0.9090909090909091,7.0,0.0,0.0,0.8333333333333334,666.7720931279937,35.0,3.8149503684824113,1.0,7.0,0.0,7.0,0.8333333333333334,35.0,2219.111896724418,0.9797979797979798,5,4,,5,notears,er,4,False,4,cliquefree_er,1.0,None,False,200,11,0,2,gauss,1.1,0.4,2,0.2,0.5,l1,scalar,all_cycles,all_cliques,0.1,5,weights,5,True,True,False,2,2,10.0,10000000000.0,1.01,True,True,False,True,10,True,1e-06,0,1,none,1.0,1.0,l2,0,5,0.8,0,repair_incumbent,C1,repair_incumbent,5,10,0.001,True,False,False,l1,repair_cut_cache,False,violation_loss,1.0,2,auto,0.001,1.0,False,20,cycle_first,False,0.01,1000,100.0,elmo3-2.hw.elixir-czech.cz
/Users/xiaoyuhe/project-bestdagsolverintheworld/dagsolvers/metacentrum_runs/22245761.pbs-m1.metacentrum.cz/dagsolvers,405867558297580847,b88f2e9e803146dd800608ab9fee37e5,unleashed-stoat-821,3,FINISHED,1784253104094,1784254106522,1002.428,C,C2,METHOD_C2_GREEDY_EDGE_DELETION,4,1,11,200,closest_time,/Users/xiaoyuhe/project-bestdagsolverintheworld/dagsolvers/metacentrum_runs/22245761.pbs-m1.metacentrum.cz/dagsolvers/multirun/2026-07-17/03-51-42/0/.hydra/config.yaml,/Users/xiaoyuhe/project-bestdagsolverintheworld/dagsolvers/metacentrum_runs/22245761.pbs-m1.metacentrum.cz/dagsolvers/mlruns/405867558297580847/b88f2e9e803146dd800608ab9fee37e5,217,82,43.0,0.9382716049382717,5.0,0.0,0.0,0.8837209302325582,43.64230181720268,38.0,2.8324567733385377,1.0,5.0,0.0,5.0,0.60583554829121,0.8837209302325582,38.0,0.0,0.0,0.0,0.0,0.0,0.0,0.0,0.0,0.0,0.0,0.0,0.0,0.0,0.0,0.0,0.0,0.0,0.0,0.0,0.0,0.0,0.0,0.0,0.0,0.0,0.0,0.0,0.0,0.0,0.0,0.0,0.0,0.0,0.0,0.0,0.0,0.0,0.0,0.0,0.0,0.0,0.0,0.0,0.0,0.0,0.0,0.0,0.0,0.0,0.0,0.0,0.0,0.0,0.0,0.0,0.0,0.0,0.0,0.0,0.0,0.0,0.0,0.0,0.0,0.0,108.0,0.0,885.0,11.0,43.0,0.9382716049382717,5.0,0.0,0.0,0.8837209302325582,38.0,1.0,5.0,0.0,5.0,0.8837209302325582,38.0,43.0,0.9382716049382717,5.0,0.0,0.0,0.8837209302325582,38.0,1.0,5.0,0.0,5.0,0.8837209302325582,38.0,43.0,0.9382716049382717,5.0,0.0,0.0,0.8837209302325582,38.0,1.0,5.0,0.0,5.0,0.8837209302325582,38.0,43.0,0.9382716049382717,5.0,0.0,0.0,0.8837209302325582,38.0,1.0,5.0,0.0,5.0,0.8837209302325582,38.0,43.0,0.9382716049382717,5.0,0.0,0.0,0.8837209302325582,38.0,1.0,5.0,0.0,5.0,0.8837209302325582,38.0,993.0,0.20144537556647044,200.0,0.0,1001.8953437805176,43.0,0.9382716049382717,5.0,0.0,0.0,0.8837209302325582,43.64230181720268,38.0,2.8324567733385377,1.0,5.0,0.0,5.0,0.8837209302325582,38.0,43.0,0.9382716049382717,5.0,0.0,0.0,0.8837209302325582,43.64230181720268,38.0,2.8324567733385377,1.0,5.0,0.0,5.0,0.8837209302325582,38.0,43.0,0.9382716049382717,5.0,0.0,0.0,0.8837209302325582,43.64230181720268,38.0,2.8324567733385377,1.0,5.0,0.0,5.0,0.8837209302325582,38.0,43.0,0.9382716049382717,5.0,0.0,0.0,0.8837209302325582,43.64230181720268,38.0,2.8324567733385377,1.0,5.0,0.0,5.0,0.8837209302325582,38.0,2246.4953001128347,0.9642857142857143,5,4,,5,notears,er,4,False,4,cliquefree_er,1.0,None,False,200,11,0,1,gauss,1.1,0.4,2,0.2,0.5,l1,scalar,all_cycles,all_cliques,0.1,5,weights,5,True,True,False,2,2,10.0,10000000000.0,1.01,True,True,False,True,10,True,1e-06,0,1,none,1.0,1.0,l2,0,5,0.8,0,repair_incumbent,C2,repair_incumbent,5,10,0.001,True,False,False,l1,repair_cut_cache,False,violation_loss,1.0,2,auto,0.001,1.0,False,20,cycle_first,False,0.01,1000,100.0,elmo3-2.hw.elixir-czech.cz
/Users/xiaoyuhe/project-bestdagsolverintheworld/dagsolvers/metacentrum_runs/22245761.pbs-m1.metacentrum.cz/dagsolvers,405867558297580847,07d1cec1ac144e18a9fadec3f14a9ae2,bald-calf-86,3,FINISHED,1784254106862,1784255109039,1002.177,C,C2,METHOD_C2_GREEDY_EDGE_DELETION,4,2,11,200,closest_time,/Users/xiaoyuhe/project-bestdagsolverintheworld/dagsolvers/metacentrum_runs/22245761.pbs-m1.metacentrum.cz/dagsolvers/multirun/2026-07-17/03-51-42/1/.hydra/config.yaml,/Users/xiaoyuhe/project-bestdagsolverintheworld/dagsolvers/metacentrum_runs/22245761.pbs-m1.metacentrum.cz/dagsolvers/mlruns/405867558297580847/07d1cec1ac144e18a9fadec3f14a9ae2,217,82,42.0,0.9090909090909091,7.0,0.0,0.0,0.8333333333333334,666.7719400192655,35.0,3.8152801889333197,1.0,7.0,0.0,7.0,0.6709849564670772,0.8333333333333334,35.0,0.0,0.0,0.0,0.0,0.0,0.0,0.0,0.0,0.0,0.0,0.0,0.0,0.0,0.0,0.0,0.0,0.0,0.0,0.0,0.0,0.0,0.0,0.0,0.0,0.0,0.0,0.0,0.0,0.0,0.0,0.0,0.0,0.0,0.0,0.0,0.0,0.0,0.0,0.0,0.0,0.0,0.0,0.0,0.0,0.0,0.0,0.0,0.0,0.0,0.0,0.0,0.0,0.0,0.0,0.0,0.0,0.0,0.0,0.0,0.0,0.0,0.0,0.0,0.0,0.0,97.0,0.0,591.0,11.0,42.0,0.9090909090909091,7.0,0.0,0.0,0.8333333333333334,35.0,1.0,7.0,0.0,7.0,0.8333333333333334,35.0,42.0,0.8974358974358975,7.0,1.0,0.027777777777777776,0.8095238095238095,36.0,0.9722222222222222,8.0,0.0,8.0,0.8333333333333334,35.0,42.0,0.8974358974358975,7.0,1.0,0.027777777777777776,0.8095238095238095,36.0,0.9722222222222222,8.0,0.0,8.0,0.8333333333333334,35.0,42.0,0.8974358974358975,7.0,1.0,0.027777777777777776,0.8095238095238095,36.0,0.9722222222222222,8.0,0.0,8.0,0.8333333333333334,35.0,42.0,0.9090909090909091,7.0,0.0,0.0,0.8333333333333334,35.0,1.0,7.0,0.0,7.0,0.8333333333333334,35.0,688.0,0.16536761355359106,200.0,0.0,1001.6585268974304,42.0,0.8974358974358975,7.0,1.0,0.027777777777777776,0.8095238095238095,42.25444236441626,36.0,3.828050589622259,0.9722222222222222,8.0,0.0,8.0,0.8333333333333334,35.0,42.0,0.8974358974358975,7.0,1.0,0.027777777777777776,0.8095238095238095,42.25444236441626,36.0,3.828050589622259,0.9722222222222222,8.0,0.0,8.0,0.8333333333333334,35.0,42.0,0.8974358974358975,7.0,1.0,0.027777777777777776,0.8095238095238095,42.25444236441626,36.0,3.828050589622259,0.9722222222222222,8.0,0.0,8.0,0.8333333333333334,35.0,42.0,0.9090909090909091,7.0,0.0,0.0,0.8333333333333334,666.7719400192655,35.0,3.8152801889333197,1.0,7.0,0.0,7.0,0.8333333333333334,35.0,2219.111896724418,0.9797979797979798,5,4,,5,notears,er,4,False,4,cliquefree_er,1.0,None,False,200,11,0,2,gauss,1.1,0.4,2,0.2,0.5,l1,scalar,all_cycles,all_cliques,0.1,5,weights,5,True,True,False,2,2,10.0,10000000000.0,1.01,True,True,False,True,10,True,1e-06,0,1,none,1.0,1.0,l2,0,5,0.8,0,repair_incumbent,C2,repair_incumbent,5,10,0.001,True,False,False,l1,repair_cut_cache,False,violation_loss,1.0,2,auto,0.001,1.0,False,20,cycle_first,False,0.01,1000,100.0,elmo3-2.hw.elixir-czech.cz
/Users/xiaoyuhe/project-bestdagsolverintheworld/dagsolvers/metacentrum_runs/22245761.pbs-m1.metacentrum.cz/dagsolvers,768590713904551930,5ffbb4cf782a4d9389fc66015aa2f2ea,unleashed-stoat-821,3,FINISHED,1784255182532,1784256185075,1002.543,C,C3,METHOD_C3_LOCAL_LEAST_SQUARES_QR,4,1,11,200,closest_time,/Users/xiaoyuhe/project-bestdagsolverintheworld/dagsolvers/metacentrum_runs/22245761.pbs-m1.metacentrum.cz/dagsolvers/multirun/2026-07-17/04-26-20/0/.hydra/config.yaml,/Users/xiaoyuhe/project-bestdagsolverintheworld/dagsolvers/metacentrum_runs/22245761.pbs-m1.metacentrum.cz/dagsolvers/mlruns/768590713904551930/5ffbb4cf782a4d9389fc66015aa2f2ea,217,82,43.0,0.9382716049382717,5.0,0.0,0.0,0.8837209302325582,43.63774271684315,38.0,2.832509651109556,1.0,5.0,0.0,5.0,0.605835548291181,0.8837209302325582,38.0,0.0,0.0,0.0,0.0,0.0,0.0,0.0,0.0,0.0,0.0,0.0,0.0,0.0,0.0,0.0,0.0,0.0,0.0,0.0,0.0,0.0,0.0,0.0,0.0,0.0,0.0,0.0,0.0,0.0,0.0,0.0,0.0,0.0,0.0,0.0,0.0,0.0,0.0,0.0,0.0,0.0,0.0,0.0,0.0,0.0,0.0,0.0,0.0,0.0,0.0,0.0,0.0,0.0,0.0,0.0,0.0,0.0,0.0,0.0,0.0,0.0,0.0,0.0,0.0,0.0,102.0,0.0,733.0,11.0,43.0,0.9382716049382717,5.0,0.0,0.0,0.8837209302325582,38.0,1.0,5.0,0.0,5.0,0.8837209302325582,38.0,43.0,0.9382716049382717,5.0,0.0,0.0,0.8837209302325582,38.0,1.0,5.0,0.0,5.0,0.8837209302325582,38.0,43.0,0.9382716049382717,5.0,0.0,0.0,0.8837209302325582,38.0,1.0,5.0,0.0,5.0,0.8837209302325582,38.0,43.0,0.9382716049382717,5.0,0.0,0.0,0.8837209302325582,38.0,1.0,5.0,0.0,5.0,0.8837209302325582,38.0,43.0,0.9382716049382717,5.0,0.0,0.0,0.8837209302325582,38.0,1.0,5.0,0.0,5.0,0.8837209302325582,38.0,835.0,0.1833728289983212,200.0,0.0,1002.006552696228,43.0,0.9382716049382717,5.0,0.0,0.0,0.8837209302325582,43.63774271684315,38.0,2.832509651109556,1.0,5.0,0.0,5.0,0.8837209302325582,38.0,43.0,0.9382716049382717,5.0,0.0,0.0,0.8837209302325582,43.63774271684315,38.0,2.832509651109556,1.0,5.0,0.0,5.0,0.8837209302325582,38.0,43.0,0.9382716049382717,5.0,0.0,0.0,0.8837209302325582,43.63774271684315,38.0,2.832509651109556,1.0,5.0,0.0,5.0,0.8837209302325582,38.0,43.0,0.9382716049382717,5.0,0.0,0.0,0.8837209302325582,43.63774271684315,38.0,2.832509651109556,1.0,5.0,0.0,5.0,0.8837209302325582,38.0,2246.4953001128347,0.9642857142857143,5,4,,5,notears,er,4,False,4,cliquefree_er,1.0,None,False,200,11,0,1,gauss,1.1,0.4,2,0.2,0.5,l1,scalar,all_cycles,all_cliques,0.1,5,weights,5,True,True,False,2,2,10.0,10000000000.0,1.01,True,True,False,True,10,True,1e-06,0,1,none,1.0,1.0,l2,0,5,0.8,0,repair_incumbent,C3,repair_incumbent,5,10,0.001,True,False,False,l1,repair_cut_cache,False,violation_loss,1.0,2,qr,0.001,1.0,False,20,cycle_first,False,0.01,1000,100.0,elmo3-2.hw.elixir-czech.cz
/Users/xiaoyuhe/project-bestdagsolverintheworld/dagsolvers/metacentrum_runs/22245761.pbs-m1.metacentrum.cz/dagsolvers,768590713904551930,944cb0dd4ad1466d9f854e95cbe44278,bald-calf-86,3,FINISHED,1784256185345,1784257188089,1002.744,C,C3,METHOD_C3_LOCAL_LEAST_SQUARES_QR,4,2,11,200,closest_time,/Users/xiaoyuhe/project-bestdagsolverintheworld/dagsolvers/metacentrum_runs/22245761.pbs-m1.metacentrum.cz/dagsolvers/multirun/2026-07-17/04-26-20/1/.hydra/config.yaml,/Users/xiaoyuhe/project-bestdagsolverintheworld/dagsolvers/metacentrum_runs/22245761.pbs-m1.metacentrum.cz/dagsolvers/mlruns/768590713904551930/944cb0dd4ad1466d9f854e95cbe44278,217,82,42.0,0.9090909090909091,7.0,0.0,0.0,0.8333333333333334,666.776535850714,35.0,3.8145231191825637,1.0,7.0,0.0,7.0,0.6709849564670771,0.8333333333333334,35.0,0.0,0.0,0.0,0.0,0.0,0.0,0.0,0.0,0.0,0.0,0.0,0.0,0.0,0.0,0.0,0.0,0.0,0.0,0.0,0.0,0.0,0.0,0.0,0.0,0.0,0.0,0.0,0.0,0.0,0.0,0.0,0.0,0.0,0.0,0.0,0.0,0.0,0.0,0.0,0.0,0.0,0.0,0.0,0.0,0.0,0.0,0.0,0.0,0.0,0.0,0.0,0.0,0.0,0.0,0.0,0.0,0.0,0.0,0.0,0.0,0.0,0.0,0.0,0.0,0.0,86.0,0.0,501.0,11.0,42.0,0.9090909090909091,7.0,0.0,0.0,0.8333333333333334,35.0,1.0,7.0,0.0,7.0,0.8333333333333334,35.0,42.0,0.8974358974358975,7.0,1.0,0.027777777777777776,0.8095238095238095,36.0,0.9722222222222222,8.0,0.0,8.0,0.8333333333333334,35.0,42.0,0.8974358974358975,7.0,1.0,0.027777777777777776,0.8095238095238095,36.0,0.9722222222222222,8.0,0.0,8.0,0.8333333333333334,35.0,42.0,0.8974358974358975,7.0,1.0,0.027777777777777776,0.8095238095238095,36.0,0.9722222222222222,8.0,0.0,8.0,0.8333333333333334,35.0,42.0,0.9090909090909091,7.0,0.0,0.0,0.8333333333333334,35.0,1.0,7.0,0.0,7.0,0.8333333333333334,35.0,587.0,0.1542358975250473,200.0,0.0,1002.2328824996948,42.0,0.8974358974358975,7.0,1.0,0.027777777777777776,0.8095238095238095,42.25903819587393,36.0,3.8272960459596717,0.9722222222222222,8.0,0.0,8.0,0.8333333333333334,35.0,42.0,0.8974358974358975,7.0,1.0,0.027777777777777776,0.8095238095238095,42.25903819587393,36.0,3.8272960459596717,0.9722222222222222,8.0,0.0,8.0,0.8333333333333334,35.0,42.0,0.8974358974358975,7.0,1.0,0.027777777777777776,0.8095238095238095,42.25903819587393,36.0,3.8272960459596717,0.9722222222222222,8.0,0.0,8.0,0.8333333333333334,35.0,42.0,0.9090909090909091,7.0,0.0,0.0,0.8333333333333334,666.776535850714,35.0,3.8145231191825637,1.0,7.0,0.0,7.0,0.8333333333333334,35.0,2219.111896724418,0.9797979797979798,5,4,,5,notears,er,4,False,4,cliquefree_er,1.0,None,False,200,11,0,2,gauss,1.1,0.4,2,0.2,0.5,l1,scalar,all_cycles,all_cliques,0.1,5,weights,5,True,True,False,2,2,10.0,10000000000.0,1.01,True,True,False,True,10,True,1e-06,0,1,none,1.0,1.0,l2,0,5,0.8,0,repair_incumbent,C3,repair_incumbent,5,10,0.001,True,False,False,l1,repair_cut_cache,False,violation_loss,1.0,2,qr,0.001,1.0,False,20,cycle_first,False,0.01,1000,100.0,elmo3-2.hw.elixir-czech.cz
/Users/xiaoyuhe/project-bestdagsolverintheworld/dagsolvers/metacentrum_runs/22245761.pbs-m1.metacentrum.cz/dagsolvers,115943493748994815,ede7d1d45b1d4d8f9cd982c2c168ad41,unleashed-stoat-821,3,FINISHED,1784257262423,1784258264966,1002.543,C,C4,METHOD_C4_LOCAL_RIDGE_CBSETSOLUTION,4,1,11,200,closest_time,/Users/xiaoyuhe/project-bestdagsolverintheworld/dagsolvers/metacentrum_runs/22245761.pbs-m1.metacentrum.cz/dagsolvers/multirun/2026-07-17/05-01-00/0/.hydra/config.yaml,/Users/xiaoyuhe/project-bestdagsolverintheworld/dagsolvers/metacentrum_runs/22245761.pbs-m1.metacentrum.cz/dagsolvers/mlruns/115943493748994815/ede7d1d45b1d4d8f9cd982c2c168ad41,217,82,43.0,0.9382716049382717,5.0,0.0,0.0,0.8837209302325582,43.63774271684315,38.0,2.832509651109556,1.0,5.0,0.0,5.0,0.605835548291181,0.8837209302325582,38.0,0.0,0.0,0.0,0.0,0.0,0.0,0.0,0.0,0.0,0.0,0.0,0.0,0.0,0.0,0.0,0.0,0.0,0.0,0.0,0.0,0.0,0.0,0.0,0.0,0.0,0.0,0.0,0.0,0.0,0.0,0.0,0.0,0.0,0.0,0.0,0.0,0.0,0.0,0.0,0.0,0.0,0.0,0.0,0.0,0.0,0.0,0.0,0.0,0.0,0.0,0.0,0.0,0.0,0.0,0.0,0.0,0.0,0.0,0.0,0.0,0.0,0.0,0.0,0.0,0.0,102.0,0.0,733.0,11.0,43.0,0.9382716049382717,5.0,0.0,0.0,0.8837209302325582,38.0,1.0,5.0,0.0,5.0,0.8837209302325582,38.0,43.0,0.9382716049382717,5.0,0.0,0.0,0.8837209302325582,38.0,1.0,5.0,0.0,5.0,0.8837209302325582,38.0,43.0,0.9382716049382717,5.0,0.0,0.0,0.8837209302325582,38.0,1.0,5.0,0.0,5.0,0.8837209302325582,38.0,43.0,0.9382716049382717,5.0,0.0,0.0,0.8837209302325582,38.0,1.0,5.0,0.0,5.0,0.8837209302325582,38.0,43.0,0.9382716049382717,5.0,0.0,0.0,0.8837209302325582,38.0,1.0,5.0,0.0,5.0,0.8837209302325582,38.0,835.0,0.1836539238881184,200.0,0.0,1001.9960503578186,43.0,0.9382716049382717,5.0,0.0,0.0,0.8837209302325582,43.63774271684315,38.0,2.832509651109556,1.0,5.0,0.0,5.0,0.8837209302325582,38.0,43.0,0.9382716049382717,5.0,0.0,0.0,0.8837209302325582,43.63774271684315,38.0,2.832509651109556,1.0,5.0,0.0,5.0,0.8837209302325582,38.0,43.0,0.9382716049382717,5.0,0.0,0.0,0.8837209302325582,43.63774271684315,38.0,2.832509651109556,1.0,5.0,0.0,5.0,0.8837209302325582,38.0,43.0,0.9382716049382717,5.0,0.0,0.0,0.8837209302325582,43.63774271684315,38.0,2.832509651109556,1.0,5.0,0.0,5.0,0.8837209302325582,38.0,2246.4953001128347,0.9642857142857143,5,4,,5,notears,er,4,False,4,cliquefree_er,1.0,None,False,200,11,0,1,gauss,1.1,0.4,2,0.2,0.5,l1,scalar,all_cycles,all_cliques,0.1,5,weights,5,True,True,False,2,2,10.0,10000000000.0,1.01,True,True,False,True,10,True,1e-06,0,1,none,1.0,1.0,l2,0,5,0.8,0,repair_incumbent,C4,repair_incumbent,5,10,0.001,True,False,False,l1,repair_cut_cache,False,violation_loss,1.0,2,auto,0.001,1.0,False,20,cycle_first,False,0.01,1000,100.0,elmo3-2.hw.elixir-czech.cz
/Users/xiaoyuhe/project-bestdagsolverintheworld/dagsolvers/metacentrum_runs/22245761.pbs-m1.metacentrum.cz/dagsolvers,115943493748994815,4b4d41107be24b82a469f0197ee782ac,bald-calf-86,3,FINISHED,1784258265245,1784259267456,1002.211,C,C4,METHOD_C4_LOCAL_RIDGE_CBSETSOLUTION,4,2,11,200,closest_time,/Users/xiaoyuhe/project-bestdagsolverintheworld/dagsolvers/metacentrum_runs/22245761.pbs-m1.metacentrum.cz/dagsolvers/multirun/2026-07-17/05-01-00/1/.hydra/config.yaml,/Users/xiaoyuhe/project-bestdagsolverintheworld/dagsolvers/metacentrum_runs/22245761.pbs-m1.metacentrum.cz/dagsolvers/mlruns/115943493748994815/4b4d41107be24b82a469f0197ee782ac,217,82,42.0,0.9090909090909091,7.0,0.0,0.0,0.8333333333333334,666.7720931280005,35.0,3.814950368569368,1.0,7.0,0.0,7.0,0.6709849564670771,0.8333333333333334,35.0,0.0,0.0,0.0,0.0,0.0,0.0,0.0,0.0,0.0,0.0,0.0,0.0,0.0,0.0,0.0,0.0,0.0,0.0,0.0,0.0,0.0,0.0,0.0,0.0,0.0,0.0,0.0,0.0,0.0,0.0,0.0,0.0,0.0,0.0,0.0,0.0,0.0,0.0,0.0,0.0,0.0,0.0,0.0,0.0,0.0,0.0,0.0,0.0,0.0,0.0,0.0,0.0,0.0,0.0,0.0,0.0,0.0,0.0,0.0,0.0,0.0,0.0,0.0,0.0,0.0,104.0,0.0,551.0,11.0,42.0,0.9090909090909091,7.0,0.0,0.0,0.8333333333333334,35.0,1.0,7.0,0.0,7.0,0.8333333333333334,35.0,42.0,0.8974358974358975,7.0,1.0,0.027777777777777776,0.8095238095238095,36.0,0.9722222222222222,8.0,0.0,8.0,0.8333333333333334,35.0,42.0,0.8974358974358975,7.0,1.0,0.027777777777777776,0.8095238095238095,36.0,0.9722222222222222,8.0,0.0,8.0,0.8333333333333334,35.0,42.0,0.8974358974358975,7.0,1.0,0.027777777777777776,0.8095238095238095,36.0,0.9722222222222222,8.0,0.0,8.0,0.8333333333333334,35.0,42.0,0.9090909090909091,7.0,0.0,0.0,0.8333333333333334,35.0,1.0,7.0,0.0,7.0,0.8333333333333334,35.0,655.0,0.15713782188560135,200.0,0.0,1001.696536064148,42.0,0.8974358974358975,7.0,1.0,0.027777777777777776,0.8095238095238095,42.25459547315813,36.0,3.827721869635752,0.9722222222222222,8.0,0.0,8.0,0.8333333333333334,35.0,42.0,0.8974358974358975,7.0,1.0,0.027777777777777776,0.8095238095238095,42.25459547315813,36.0,3.827721869635752,0.9722222222222222,8.0,0.0,8.0,0.8333333333333334,35.0,42.0,0.8974358974358975,7.0,1.0,0.027777777777777776,0.8095238095238095,42.25459547315813,36.0,3.827721869635752,0.9722222222222222,8.0,0.0,8.0,0.8333333333333334,35.0,42.0,0.9090909090909091,7.0,0.0,0.0,0.8333333333333334,666.7720931280005,35.0,3.814950368569368,1.0,7.0,0.0,7.0,0.8333333333333334,35.0,2219.111896724418,0.9797979797979798,5,4,,5,notears,er,4,False,4,cliquefree_er,1.0,None,False,200,11,0,2,gauss,1.1,0.4,2,0.2,0.5,l1,scalar,all_cycles,all_cliques,0.1,5,weights,5,True,True,False,2,2,10.0,10000000000.0,1.01,True,True,False,True,10,True,1e-06,0,1,none,1.0,1.0,l2,0,5,0.8,0,repair_incumbent,C4,repair_incumbent,5,10,0.001,True,False,False,l1,repair_cut_cache,False,violation_loss,1.0,2,auto,0.001,1.0,False,20,cycle_first,False,0.01,1000,100.0,elmo3-2.hw.elixir-czech.cz
/Users/xiaoyuhe/project-bestdagsolverintheworld/dagsolvers/metacentrum_runs/22245761.pbs-m1.metacentrum.cz/dagsolvers,887113400917778396,e23ae4700e3a45a7b93a2029e6cec60d,unleashed-stoat-821,3,FINISHED,1784259338887,1784260341411,1002.524,C,C5,METHOD_C5_HISTORY_GUIDED_REPAIR,4,1,11,200,closest_time,/Users/xiaoyuhe/project-bestdagsolverintheworld/dagsolvers/metacentrum_runs/22245761.pbs-m1.metacentrum.cz/dagsolvers/multirun/2026-07-17/05-35-37/0/.hydra/config.yaml,/Users/xiaoyuhe/project-bestdagsolverintheworld/dagsolvers/metacentrum_runs/22245761.pbs-m1.metacentrum.cz/dagsolvers/mlruns/887113400917778396/e23ae4700e3a45a7b93a2029e6cec60d,217,82,43.0,0.9382716049382717,5.0,0.0,0.0,0.8837209302325582,43.63774271684224,38.0,2.83250965110955,1.0,5.0,0.0,5.0,0.6058355482911966,0.8837209302325582,38.0,0.0,0.0,0.0,0.0,0.0,0.0,0.0,0.0,0.0,0.0,0.0,0.0,0.0,0.0,0.0,0.0,0.0,0.0,0.0,0.0,0.0,0.0,0.0,0.0,0.0,0.0,0.0,0.0,0.0,0.0,0.0,0.0,0.0,0.0,0.0,0.0,0.0,0.0,0.0,0.0,0.0,0.0,0.0,0.0,0.0,0.0,0.0,0.0,0.0,0.0,0.0,0.0,0.0,0.0,0.0,0.0,0.0,0.0,0.0,0.0,0.0,0.0,0.0,0.0,0.0,83.0,0.0,862.0,11.0,43.0,0.9382716049382717,5.0,0.0,0.0,0.8837209302325582,38.0,1.0,5.0,0.0,5.0,0.8837209302325582,38.0,43.0,0.9382716049382717,5.0,0.0,0.0,0.8837209302325582,38.0,1.0,5.0,0.0,5.0,0.8837209302325582,38.0,43.0,0.9382716049382717,5.0,0.0,0.0,0.8837209302325582,38.0,1.0,5.0,0.0,5.0,0.8837209302325582,38.0,43.0,0.9382716049382717,5.0,0.0,0.0,0.8837209302325582,38.0,1.0,5.0,0.0,5.0,0.8837209302325582,38.0,43.0,0.9382716049382717,5.0,0.0,0.0,0.8837209302325582,38.0,1.0,5.0,0.0,5.0,0.8837209302325582,38.0,945.0,0.1577022011481501,200.0,0.0,1001.9551591873169,43.0,0.9382716049382717,5.0,0.0,0.0,0.8837209302325582,43.63774271684224,38.0,2.83250965110955,1.0,5.0,0.0,5.0,0.8837209302325582,38.0,43.0,0.9382716049382717,5.0,0.0,0.0,0.8837209302325582,43.63774271684224,38.0,2.83250965110955,1.0,5.0,0.0,5.0,0.8837209302325582,38.0,43.0,0.9382716049382717,5.0,0.0,0.0,0.8837209302325582,43.63774271684224,38.0,2.83250965110955,1.0,5.0,0.0,5.0,0.8837209302325582,38.0,43.0,0.9382716049382717,5.0,0.0,0.0,0.8837209302325582,43.63774271684224,38.0,2.83250965110955,1.0,5.0,0.0,5.0,0.8837209302325582,38.0,2246.4953001128347,0.9642857142857143,5,4,,5,notears,er,4,False,4,cliquefree_er,1.0,None,False,200,11,0,1,gauss,1.1,0.4,2,0.2,0.5,l1,scalar,all_cycles,all_cliques,0.1,5,weights,5,True,True,False,2,2,10.0,10000000000.0,1.01,True,True,False,True,10,True,1e-06,0,1,none,1.0,1.0,l2,0,5,0.8,0,repair_incumbent,C5,repair_incumbent,5,10,0.001,True,False,False,l1,repair_cut_cache,False,violation_loss,1.0,2,auto,0.001,1.0,False,20,cycle_first,False,0.01,1000,100.0,elmo3-2.hw.elixir-czech.cz
/Users/xiaoyuhe/project-bestdagsolverintheworld/dagsolvers/metacentrum_runs/22245761.pbs-m1.metacentrum.cz/dagsolvers,887113400917778396,08736ca1155f4636b30b754db7ea8ece,bald-calf-86,3,FINISHED,1784260341691,1784261344313,1002.622,C,C5,METHOD_C5_HISTORY_GUIDED_REPAIR,4,2,11,200,closest_time,/Users/xiaoyuhe/project-bestdagsolverintheworld/dagsolvers/metacentrum_runs/22245761.pbs-m1.metacentrum.cz/dagsolvers/multirun/2026-07-17/05-35-37/1/.hydra/config.yaml,/Users/xiaoyuhe/project-bestdagsolverintheworld/dagsolvers/metacentrum_runs/22245761.pbs-m1.metacentrum.cz/dagsolvers/mlruns/887113400917778396/08736ca1155f4636b30b754db7ea8ece,217,82,42.0,0.9090909090909091,7.0,0.0,0.0,0.8333333333333334,666.7724751310243,35.0,3.8142613717299145,1.0,7.0,0.0,7.0,0.6709849564670771,0.8333333333333334,35.0,0.0,0.0,0.0,0.0,0.0,0.0,0.0,0.0,0.0,0.0,0.0,0.0,0.0,0.0,0.0,0.0,0.0,0.0,0.0,0.0,0.0,0.0,0.0,0.0,0.0,0.0,0.0,0.0,0.0,0.0,0.0,0.0,0.0,0.0,0.0,0.0,0.0,0.0,0.0,0.0,0.0,0.0,0.0,0.0,0.0,0.0,0.0,0.0,0.0,0.0,0.0,0.0,0.0,0.0,0.0,0.0,0.0,0.0,0.0,0.0,0.0,0.0,0.0,0.0,0.0,96.0,0.0,566.0,11.0,42.0,0.9090909090909091,7.0,0.0,0.0,0.8333333333333334,35.0,1.0,7.0,0.0,7.0,0.8333333333333334,35.0,42.0,0.8974358974358975,7.0,1.0,0.027777777777777776,0.8095238095238095,36.0,0.9722222222222222,8.0,0.0,8.0,0.8333333333333334,35.0,42.0,0.8974358974358975,7.0,1.0,0.027777777777777776,0.8095238095238095,36.0,0.9722222222222222,8.0,0.0,8.0,0.8333333333333334,35.0,42.0,0.8974358974358975,7.0,1.0,0.027777777777777776,0.8095238095238095,36.0,0.9722222222222222,8.0,0.0,8.0,0.8333333333333334,35.0,42.0,0.9090909090909091,7.0,0.0,0.0,0.8333333333333334,35.0,1.0,7.0,0.0,7.0,0.8333333333333334,35.0,662.0,0.15862609243983739,200.0,0.0,1002.0630781650543,42.0,0.8974358974358975,7.0,1.0,0.027777777777777776,0.8095238095238095,42.25497747618374,36.0,3.827035172102711,0.9722222222222222,8.0,0.0,8.0,0.8333333333333334,35.0,42.0,0.8974358974358975,7.0,1.0,0.027777777777777776,0.8095238095238095,42.25497747618374,36.0,3.827035172102711,0.9722222222222222,8.0,0.0,8.0,0.8333333333333334,35.0,42.0,0.8974358974358975,7.0,1.0,0.027777777777777776,0.8095238095238095,42.25497747618374,36.0,3.827035172102711,0.9722222222222222,8.0,0.0,8.0,0.8333333333333334,35.0,42.0,0.9090909090909091,7.0,0.0,0.0,0.8333333333333334,666.7724751310243,35.0,3.8142613717299145,1.0,7.0,0.0,7.0,0.8333333333333334,35.0,2219.111896724418,0.9797979797979798,5,4,,5,notears,er,4,False,4,cliquefree_er,1.0,None,False,200,11,0,2,gauss,1.1,0.4,2,0.2,0.5,l1,scalar,all_cycles,all_cliques,0.1,5,weights,5,True,True,False,2,2,10.0,10000000000.0,1.01,True,True,False,True,10,True,1e-06,0,1,none,1.0,1.0,l2,0,5,0.8,0,repair_incumbent,C5,repair_incumbent,5,10,0.001,True,False,False,l1,repair_cut_cache,False,violation_loss,1.0,2,auto,0.001,1.0,False,20,cycle_first,False,0.01,1000,100.0,elmo3-2.hw.elixir-czech.cz
/Users/xiaoyuhe/project-bestdagsolverintheworld/dagsolvers/metacentrum_runs/22245761.pbs-m1.metacentrum.cz/dagsolvers,772134617038701595,2cb2ded30be746d68df62800950a89cd,unleashed-stoat-821,3,FINISHED,1784261413543,1784261481901,68.358,C,C6,METHOD_C6_BUILD_VALID_CUT_CACHE,4,1,11,200,closest_time,/Users/xiaoyuhe/project-bestdagsolverintheworld/dagsolvers/metacentrum_runs/22245761.pbs-m1.metacentrum.cz/dagsolvers/multirun/2026-07-17/06-10-12/0/.hydra/config.yaml,/Users/xiaoyuhe/project-bestdagsolverintheworld/dagsolvers/metacentrum_runs/22245761.pbs-m1.metacentrum.cz/dagsolvers/mlruns/772134617038701595/2cb2ded30be746d68df62800950a89cd,217,82,43.0,0.9113924050632911,7.0,0.0,0.0,0.8372093023255814,3400.787450157654,36.0,3.0804083017380224,1.0,7.0,0.0,7.0,0.605835548291181,0.8372093023255814,36.0,0.0,0.0,0.0,0.0,0.0,0.0,0.0,0.0,0.0,0.0,0.0,0.0,0.0,0.0,0.0,0.0,0.0,0.0,0.0,0.0,0.0,0.0,0.0,0.0,0.0,0.0,0.0,0.0,0.0,0.0,0.0,0.0,0.0,0.0,0.0,0.0,0.0,0.0,0.0,0.0,0.0,0.0,0.0,0.0,0.0,0.0,0.0,0.0,0.0,0.0,0.0,0.0,0.0,0.0,0.0,0.0,0.0,0.0,0.0,0.0,0.0,0.0,0.0,0.0,0.0,102.0,0.0,663.0,11.0,43.0,0.9113924050632911,7.0,0.0,0.0,0.8372093023255814,36.0,1.0,7.0,0.0,7.0,0.8372093023255814,36.0,43.0,0.9,7.0,1.0,0.02702702702702703,0.813953488372093,37.0,0.972972972972973,8.0,0.0,8.0,0.8372093023255814,36.0,43.0,0.9,7.0,1.0,0.02702702702702703,0.813953488372093,37.0,0.972972972972973,8.0,0.0,8.0,0.8372093023255814,36.0,43.0,0.9,7.0,1.0,0.02702702702702703,0.813953488372093,37.0,0.972972972972973,8.0,0.0,8.0,0.8372093023255814,36.0,43.0,0.9113924050632911,7.0,0.0,0.0,0.8372093023255814,36.0,1.0,7.0,0.0,7.0,0.8372093023255814,36.0,765.0,0.3130771990529857,200.0,0.0,67.79271149635315,43.0,0.9,7.0,1.0,0.02702702702702703,0.813953488372093,72.80774500627786,37.0,3.1055400763595435,0.972972972972973,8.0,0.0,8.0,0.8372093023255814,36.0,43.0,0.9,7.0,1.0,0.02702702702702703,0.813953488372093,72.80774500627786,37.0,3.1055400763595435,0.972972972972973,8.0,0.0,8.0,0.8372093023255814,36.0,43.0,0.9,7.0,1.0,0.02702702702702703,0.813953488372093,72.80774500627786,37.0,3.1055400763595435,0.972972972972973,8.0,0.0,8.0,0.8372093023255814,36.0,43.0,0.9113924050632911,7.0,0.0,0.0,0.8372093023255814,3400.787450157654,36.0,3.0804083017380224,1.0,7.0,0.0,7.0,0.8372093023255814,36.0,2246.4953001128347,0.9642857142857143,5,4,,5,notears,er,4,False,4,cliquefree_er,1.0,None,False,200,11,0,1,gauss,1.1,0.4,2,0.2,0.5,l1,scalar,all_cycles,all_cliques,0.1,5,weights,5,True,True,False,2,2,10.0,10000000000.0,1.01,True,True,False,True,10,True,1e-06,0,1,none,1.0,1.0,l2,0,5,0.8,0,repair_incumbent,C6,repair_incumbent,5,10,0.001,True,False,False,l1,/scratch/hexiaoyu/job_22245761.pbs-m1/project-bestdagsolverintheworld-test/dagsolvers/repair_cut_cache,write,violation_loss,1.0,2,auto,0.001,1.0,False,20,cycle_first,False,0.01,60,100.0,elmo3-2.hw.elixir-czech.cz
/Users/xiaoyuhe/project-bestdagsolverintheworld/dagsolvers/metacentrum_runs/22245761.pbs-m1.metacentrum.cz/dagsolvers,772134617038701595,da4462af1f544db683ae1e777d30abe6,bald-calf-86,3,FINISHED,1784261482164,1784261543314,61.15,C,C6,METHOD_C6_BUILD_VALID_CUT_CACHE,4,2,11,200,closest_time,/Users/xiaoyuhe/project-bestdagsolverintheworld/dagsolvers/metacentrum_runs/22245761.pbs-m1.metacentrum.cz/dagsolvers/multirun/2026-07-17/06-10-12/1/.hydra/config.yaml,/Users/xiaoyuhe/project-bestdagsolverintheworld/dagsolvers/metacentrum_runs/22245761.pbs-m1.metacentrum.cz/dagsolvers/mlruns/772134617038701595/da4462af1f544db683ae1e777d30abe6,217,82,42.0,0.9090909090909091,7.0,0.0,0.0,0.8333333333333334,666.7720931280005,35.0,3.814950368569368,1.0,7.0,0.0,7.0,0.6709849564670771,0.8333333333333334,35.0,0.0,0.0,0.0,0.0,0.0,0.0,0.0,0.0,0.0,0.0,0.0,0.0,0.0,0.0,0.0,0.0,0.0,0.0,0.0,0.0,0.0,0.0,0.0,0.0,0.0,0.0,0.0,0.0,0.0,0.0,0.0,0.0,0.0,0.0,0.0,0.0,0.0,0.0,0.0,0.0,0.0,0.0,0.0,0.0,0.0,0.0,0.0,0.0,0.0,0.0,0.0,0.0,0.0,0.0,0.0,0.0,0.0,0.0,0.0,0.0,0.0,0.0,0.0,0.0,0.0,99.0,0.0,485.0,11.0,42.0,0.9090909090909091,7.0,0.0,0.0,0.8333333333333334,35.0,1.0,7.0,0.0,7.0,0.8333333333333334,35.0,42.0,0.8974358974358975,7.0,1.0,0.027777777777777776,0.8095238095238095,36.0,0.9722222222222222,8.0,0.0,8.0,0.8333333333333334,35.0,42.0,0.8974358974358975,7.0,1.0,0.027777777777777776,0.8095238095238095,36.0,0.9722222222222222,8.0,0.0,8.0,0.8333333333333334,35.0,42.0,0.8974358974358975,7.0,1.0,0.027777777777777776,0.8095238095238095,36.0,0.9722222222222222,8.0,0.0,8.0,0.8333333333333334,35.0,42.0,0.9090909090909091,7.0,0.0,0.0,0.8333333333333334,35.0,1.0,7.0,0.0,7.0,0.8333333333333334,35.0,584.0,0.29483033761384503,200.0,0.0,60.60740375518799,42.0,0.8974358974358975,7.0,1.0,0.027777777777777776,0.8095238095238095,42.25459547315813,36.0,3.827721869635752,0.9722222222222222,8.0,0.0,8.0,0.8333333333333334,35.0,42.0,0.8974358974358975,7.0,1.0,0.027777777777777776,0.8095238095238095,42.25459547315813,36.0,3.827721869635752,0.9722222222222222,8.0,0.0,8.0,0.8333333333333334,35.0,42.0,0.8974358974358975,7.0,1.0,0.027777777777777776,0.8095238095238095,42.25459547315813,36.0,3.827721869635752,0.9722222222222222,8.0,0.0,8.0,0.8333333333333334,35.0,42.0,0.9090909090909091,7.0,0.0,0.0,0.8333333333333334,666.7720931280005,35.0,3.814950368569368,1.0,7.0,0.0,7.0,0.8333333333333334,35.0,2219.111896724418,0.9797979797979798,5,4,,5,notears,er,4,False,4,cliquefree_er,1.0,None,False,200,11,0,2,gauss,1.1,0.4,2,0.2,0.5,l1,scalar,all_cycles,all_cliques,0.1,5,weights,5,True,True,False,2,2,10.0,10000000000.0,1.01,True,True,False,True,10,True,1e-06,0,1,none,1.0,1.0,l2,0,5,0.8,0,repair_incumbent,C6,repair_incumbent,5,10,0.001,True,False,False,l1,/scratch/hexiaoyu/job_22245761.pbs-m1/project-bestdagsolverintheworld-test/dagsolvers/repair_cut_cache,write,violation_loss,1.0,2,auto,0.001,1.0,False,20,cycle_first,False,0.01,60,100.0,elmo3-2.hw.elixir-czech.cz
/Users/xiaoyuhe/project-bestdagsolverintheworld/dagsolvers/metacentrum_runs/22245761.pbs-m1.metacentrum.cz/dagsolvers,664704928588474609,562efbbe76464d26b46fd62789cbad71,unleashed-stoat-821,3,FINISHED,1784261615431,1784262617876,1002.445,C,C6,METHOD_C6_REUSE_VALID_CUT_CACHE,4,1,11,200,closest_time,/Users/xiaoyuhe/project-bestdagsolverintheworld/dagsolvers/metacentrum_runs/22245761.pbs-m1.metacentrum.cz/dagsolvers/multirun/2026-07-17/06-13-33/0/.hydra/config.yaml,/Users/xiaoyuhe/project-bestdagsolverintheworld/dagsolvers/metacentrum_runs/22245761.pbs-m1.metacentrum.cz/dagsolvers/mlruns/664704928588474609/562efbbe76464d26b46fd62789cbad71,217,82,43.0,0.9382716049382717,5.0,0.0,0.0,0.8837209302325582,43.642490993083356,38.0,2.832503253607396,1.0,5.0,0.0,5.0,0.6058355482911774,0.8837209302325582,38.0,0.0,0.0,0.0,0.0,0.0,0.0,0.0,0.0,0.0,0.0,0.0,0.0,0.0,0.0,0.0,0.0,0.0,0.0,0.0,0.0,0.0,0.0,0.0,0.0,0.0,0.0,0.0,0.0,0.0,0.0,0.0,0.0,0.0,0.0,0.0,0.0,0.0,0.0,0.0,0.0,0.0,0.0,0.0,0.0,0.0,0.0,0.0,0.0,0.0,0.0,0.0,0.0,0.0,0.0,0.0,0.0,0.0,0.0,0.0,0.0,0.0,0.0,0.0,0.0,0.0,8.0,0.0,111.0,11.0,43.0,0.9382716049382717,5.0,0.0,0.0,0.8837209302325582,38.0,1.0,5.0,0.0,5.0,0.8837209302325582,38.0,43.0,0.9382716049382717,5.0,0.0,0.0,0.8837209302325582,38.0,1.0,5.0,0.0,5.0,0.8837209302325582,38.0,43.0,0.9382716049382717,5.0,0.0,0.0,0.8837209302325582,38.0,1.0,5.0,0.0,5.0,0.8837209302325582,38.0,43.0,0.9382716049382717,5.0,0.0,0.0,0.8837209302325582,38.0,1.0,5.0,0.0,5.0,0.8837209302325582,38.0,43.0,0.9382716049382717,5.0,0.0,0.0,0.8837209302325582,38.0,1.0,5.0,0.0,5.0,0.8837209302325582,38.0,119.0,0.1334635819890595,200.0,0.0,1001.8609013557434,43.0,0.9382716049382717,5.0,0.0,0.0,0.8837209302325582,43.642490993083356,38.0,2.832503253607396,1.0,5.0,0.0,5.0,0.8837209302325582,38.0,43.0,0.9382716049382717,5.0,0.0,0.0,0.8837209302325582,43.642490993083356,38.0,2.832503253607396,1.0,5.0,0.0,5.0,0.8837209302325582,38.0,43.0,0.9382716049382717,5.0,0.0,0.0,0.8837209302325582,43.642490993083356,38.0,2.832503253607396,1.0,5.0,0.0,5.0,0.8837209302325582,38.0,43.0,0.9382716049382717,5.0,0.0,0.0,0.8837209302325582,43.642490993083356,38.0,2.832503253607396,1.0,5.0,0.0,5.0,0.8837209302325582,38.0,2246.4953001128347,0.9642857142857143,5,4,,5,notears,er,4,False,4,cliquefree_er,1.0,None,False,200,11,0,1,gauss,1.1,0.4,2,0.2,0.5,l1,scalar,all_cycles,all_cliques,0.1,5,weights,5,True,True,False,2,2,10.0,10000000000.0,1.01,True,True,False,True,10,True,1e-06,0,1,none,1.0,1.0,l2,0,5,0.8,0,repair_incumbent,C6,repair_incumbent,5,10,0.001,True,False,False,l1,/scratch/hexiaoyu/job_22245761.pbs-m1/project-bestdagsolverintheworld-test/dagsolvers/repair_cut_cache,read,violation_loss,1.0,2,auto,0.001,1.0,False,20,cycle_first,False,0.01,1000,100.0,elmo3-2.hw.elixir-czech.cz
/Users/xiaoyuhe/project-bestdagsolverintheworld/dagsolvers/metacentrum_runs/22245761.pbs-m1.metacentrum.cz/dagsolvers,664704928588474609,167c5021f2c243bb9314a7f15d765c53,bald-calf-86,3,FINISHED,1784262618159,1784263620647,1002.488,C,C6,METHOD_C6_REUSE_VALID_CUT_CACHE,4,2,11,200,closest_time,/Users/xiaoyuhe/project-bestdagsolverintheworld/dagsolvers/metacentrum_runs/22245761.pbs-m1.metacentrum.cz/dagsolvers/multirun/2026-07-17/06-13-33/1/.hydra/config.yaml,/Users/xiaoyuhe/project-bestdagsolverintheworld/dagsolvers/metacentrum_runs/22245761.pbs-m1.metacentrum.cz/dagsolvers/mlruns/664704928588474609/167c5021f2c243bb9314a7f15d765c53,217,82,42.0,0.9090909090909091,7.0,0.0,0.0,0.8333333333333334,666.7764049455841,35.0,3.815228668541485,1.0,7.0,0.0,7.0,0.6709849564670772,0.8333333333333334,35.0,0.0,0.0,0.0,0.0,0.0,0.0,0.0,0.0,0.0,0.0,0.0,0.0,0.0,0.0,0.0,0.0,0.0,0.0,0.0,0.0,0.0,0.0,0.0,0.0,0.0,0.0,0.0,0.0,0.0,0.0,0.0,0.0,0.0,0.0,0.0,0.0,0.0,0.0,0.0,0.0,0.0,0.0,0.0,0.0,0.0,0.0,0.0,0.0,0.0,0.0,0.0,0.0,0.0,0.0,0.0,0.0,0.0,0.0,0.0,0.0,0.0,0.0,0.0,0.0,0.0,6.0,0.0,54.0,11.0,42.0,0.9090909090909091,7.0,0.0,0.0,0.8333333333333334,35.0,1.0,7.0,0.0,7.0,0.8333333333333334,35.0,42.0,0.8974358974358975,7.0,1.0,0.027777777777777776,0.8095238095238095,36.0,0.9722222222222222,8.0,0.0,8.0,0.8333333333333334,35.0,42.0,0.8974358974358975,7.0,1.0,0.027777777777777776,0.8095238095238095,36.0,0.9722222222222222,8.0,0.0,8.0,0.8333333333333334,35.0,42.0,0.8974358974358975,7.0,1.0,0.027777777777777776,0.8095238095238095,36.0,0.9722222222222222,8.0,0.0,8.0,0.8333333333333334,35.0,42.0,0.9090909090909091,7.0,0.0,0.0,0.8333333333333334,35.0,1.0,7.0,0.0,7.0,0.8333333333333334,35.0,60.0,0.14220663644513162,200.0,0.0,1001.9887943267822,42.0,0.8974358974358975,7.0,1.0,0.027777777777777776,0.8095238095238095,42.258907290737625,36.0,3.827999241105083,0.9722222222222222,8.0,0.0,8.0,0.8333333333333334,35.0,42.0,0.8974358974358975,7.0,1.0,0.027777777777777776,0.8095238095238095,42.258907290737625,36.0,3.827999241105083,0.9722222222222222,8.0,0.0,8.0,0.8333333333333334,35.0,42.0,0.8974358974358975,7.0,1.0,0.027777777777777776,0.8095238095238095,42.258907290737625,36.0,3.827999241105083,0.9722222222222222,8.0,0.0,8.0,0.8333333333333334,35.0,42.0,0.9090909090909091,7.0,0.0,0.0,0.8333333333333334,666.7764049455841,35.0,3.815228668541485,1.0,7.0,0.0,7.0,0.8333333333333334,35.0,2219.111896724418,0.9797979797979798,5,4,,5,notears,er,4,False,4,cliquefree_er,1.0,None,False,200,11,0,2,gauss,1.1,0.4,2,0.2,0.5,l1,scalar,all_cycles,all_cliques,0.1,5,weights,5,True,True,False,2,2,10.0,10000000000.0,1.01,True,True,False,True,10,True,1e-06,0,1,none,1.0,1.0,l2,0,5,0.8,0,repair_incumbent,C6,repair_incumbent,5,10,0.001,True,False,False,l1,/scratch/hexiaoyu/job_22245761.pbs-m1/project-bestdagsolverintheworld-test/dagsolvers/repair_cut_cache,read,violation_loss,1.0,2,auto,0.001,1.0,False,20,cycle_first,False,0.01,1000,100.0,elmo3-2.hw.elixir-czech.cz
/Users/xiaoyuhe/project-bestdagsolverintheworld/dagsolvers/metacentrum_runs/22245761.pbs-m1.metacentrum.cz/dagsolvers,972023587058340748,2dda1b979311438abd88c5ecf63d4159,unleashed-stoat-821,3,FINISHED,1784263689215,1784264691191,1001.976,D,D1,METHOD_D1_NO_FRACTIONAL,4,1,11,200,closest_time,/Users/xiaoyuhe/project-bestdagsolverintheworld/dagsolvers/metacentrum_runs/22245761.pbs-m1.metacentrum.cz/dagsolvers/multirun/2026-07-17/06-48-07/0/.hydra/config.yaml,/Users/xiaoyuhe/project-bestdagsolverintheworld/dagsolvers/metacentrum_runs/22245761.pbs-m1.metacentrum.cz/dagsolvers/mlruns/972023587058340748/2dda1b979311438abd88c5ecf63d4159,217,75,43.0,0.9382716049382717,5.0,0.0,0.0,0.8837209302325582,43.63667412648556,38.0,2.8324942809802334,1.0,5.0,0.0,5.0,0.6058355482911929,0.8837209302325582,38.0,0.0,0.0,0.0,0.0,0.0,0.0,0.0,0.0,0.0,0.0,0.0,0.0,0.0,0.0,0.0,0.0,0.0,0.0,0.0,0.0,0.0,0.0,0.0,0.0,0.0,0.0,0.0,0.0,0.0,0.0,0.0,0.0,0.0,0.0,0.0,0.0,0.0,0.0,0.0,0.0,0.0,0.0,0.0,0.0,0.0,0.0,0.0,0.0,0.0,0.0,0.0,0.0,0.0,0.0,0.0,0.0,0.0,0.0,0.0,0.0,0.0,0.0,0.0,0.0,0.0,82.0,0.0,791.0,11.0,43.0,0.9382716049382717,5.0,0.0,0.0,0.8837209302325582,38.0,1.0,5.0,0.0,5.0,0.8837209302325582,38.0,43.0,0.9382716049382717,5.0,0.0,0.0,0.8837209302325582,38.0,1.0,5.0,0.0,5.0,0.8837209302325582,38.0,43.0,0.9382716049382717,5.0,0.0,0.0,0.8837209302325582,38.0,1.0,5.0,0.0,5.0,0.8837209302325582,38.0,43.0,0.9382716049382717,5.0,0.0,0.0,0.8837209302325582,38.0,1.0,5.0,0.0,5.0,0.8837209302325582,38.0,43.0,0.9382716049382717,5.0,0.0,0.0,0.8837209302325582,38.0,1.0,5.0,0.0,5.0,0.8837209302325582,38.0,873.0,0.15493911459568455,200.0,0.0,1001.491911649704,43.0,0.9382716049382717,5.0,0.0,0.0,0.8837209302325582,43.63667412648556,38.0,2.8324942809802334,1.0,5.0,0.0,5.0,0.8837209302325582,38.0,43.0,0.9382716049382717,5.0,0.0,0.0,0.8837209302325582,43.63667412648556,38.0,2.8324942809802334,1.0,5.0,0.0,5.0,0.8837209302325582,38.0,43.0,0.9382716049382717,5.0,0.0,0.0,0.8837209302325582,43.63667412648556,38.0,2.8324942809802334,1.0,5.0,0.0,5.0,0.8837209302325582,38.0,43.0,0.9382716049382717,5.0,0.0,0.0,0.8837209302325582,43.63667412648556,38.0,2.8324942809802334,1.0,5.0,0.0,5.0,0.8837209302325582,38.0,2246.4953001128347,0.9642857142857143,5,4,,5,notears,er,4,False,4,cliquefree_er,1.0,None,False,200,11,0,1,gauss,1.1,0.4,2,0.2,0.5,l1,scalar,all_cycles,all_cliques,0.1,5,weights,5,True,True,False,2,2,10.0,10000000000.0,1.01,True,True,False,True,10,True,1e-06,0,1,none,1.0,1.0,l2,0,5,0.8,0,fractional_separation,D1,fractional_separation,5,10,0.001,True,False,False,l1,,,,,,,0.001,,False,20,cycle_first,False,0.01,1000,100.0,elmo3-2.hw.elixir-czech.cz
/Users/xiaoyuhe/project-bestdagsolverintheworld/dagsolvers/metacentrum_runs/22245761.pbs-m1.metacentrum.cz/dagsolvers,972023587058340748,727816fdacdc41f98efd83feda839a8c,bald-calf-86,3,FINISHED,1784264691452,1784265693918,1002.466,D,D1,METHOD_D1_NO_FRACTIONAL,4,2,11,200,closest_time,/Users/xiaoyuhe/project-bestdagsolverintheworld/dagsolvers/metacentrum_runs/22245761.pbs-m1.metacentrum.cz/dagsolvers/multirun/2026-07-17/06-48-07/1/.hydra/config.yaml,/Users/xiaoyuhe/project-bestdagsolverintheworld/dagsolvers/metacentrum_runs/22245761.pbs-m1.metacentrum.cz/dagsolvers/mlruns/972023587058340748/727816fdacdc41f98efd83feda839a8c,217,75,42.0,0.9090909090909091,7.0,0.0,0.0,0.8333333333333334,666.7720931279937,35.0,3.8149503684824113,1.0,7.0,0.0,7.0,0.670984956467077,0.8333333333333334,35.0,0.0,0.0,0.0,0.0,0.0,0.0,0.0,0.0,0.0,0.0,0.0,0.0,0.0,0.0,0.0,0.0,0.0,0.0,0.0,0.0,0.0,0.0,0.0,0.0,0.0,0.0,0.0,0.0,0.0,0.0,0.0,0.0,0.0,0.0,0.0,0.0,0.0,0.0,0.0,0.0,0.0,0.0,0.0,0.0,0.0,0.0,0.0,0.0,0.0,0.0,0.0,0.0,0.0,0.0,0.0,0.0,0.0,0.0,0.0,0.0,0.0,0.0,0.0,0.0,0.0,87.0,0.0,477.0,11.0,42.0,0.9090909090909091,7.0,0.0,0.0,0.8333333333333334,35.0,1.0,7.0,0.0,7.0,0.8333333333333334,35.0,42.0,0.8974358974358975,7.0,1.0,0.027777777777777776,0.8095238095238095,36.0,0.9722222222222222,8.0,0.0,8.0,0.8333333333333334,35.0,42.0,0.8974358974358975,7.0,1.0,0.027777777777777776,0.8095238095238095,36.0,0.9722222222222222,8.0,0.0,8.0,0.8333333333333334,35.0,42.0,0.8974358974358975,7.0,1.0,0.027777777777777776,0.8095238095238095,36.0,0.9722222222222222,8.0,0.0,8.0,0.8333333333333334,35.0,42.0,0.9090909090909091,7.0,0.0,0.0,0.8333333333333334,35.0,1.0,7.0,0.0,7.0,0.8333333333333334,35.0,564.0,0.24912622772850734,200.0,0.0,1001.9446492195129,42.0,0.8974358974358975,7.0,1.0,0.027777777777777776,0.8095238095238095,42.254595473153586,36.0,3.8277218695490856,0.9722222222222222,8.0,0.0,8.0,0.8333333333333334,35.0,42.0,0.8974358974358975,7.0,1.0,0.027777777777777776,0.8095238095238095,42.254595473153586,36.0,3.8277218695490856,0.9722222222222222,8.0,0.0,8.0,0.8333333333333334,35.0,42.0,0.8974358974358975,7.0,1.0,0.027777777777777776,0.8095238095238095,42.254595473153586,36.0,3.8277218695490856,0.9722222222222222,8.0,0.0,8.0,0.8333333333333334,35.0,42.0,0.9090909090909091,7.0,0.0,0.0,0.8333333333333334,666.7720931279937,35.0,3.8149503684824113,1.0,7.0,0.0,7.0,0.8333333333333334,35.0,2219.111896724418,0.9797979797979798,5,4,,5,notears,er,4,False,4,cliquefree_er,1.0,None,False,200,11,0,2,gauss,1.1,0.4,2,0.2,0.5,l1,scalar,all_cycles,all_cliques,0.1,5,weights,5,True,True,False,2,2,10.0,10000000000.0,1.01,True,True,False,True,10,True,1e-06,0,1,none,1.0,1.0,l2,0,5,0.8,0,fractional_separation,D1,fractional_separation,5,10,0.001,True,False,False,l1,,,,,,,0.001,,False,20,cycle_first,False,0.01,1000,100.0,elmo3-2.hw.elixir-czech.cz
/Users/xiaoyuhe/project-bestdagsolverintheworld/dagsolvers/metacentrum_runs/22245761.pbs-m1.metacentrum.cz/dagsolvers,650589697240084508,b7dc756dc6a54c68bd3ac5167e5f7642,unleashed-stoat-821,3,FINISHED,1784265763845,1784266766357,1002.512,D,D2,METHOD_D2_ROOT_EXHAUSTIVE,4,1,11,200,closest_time,/Users/xiaoyuhe/project-bestdagsolverintheworld/dagsolvers/metacentrum_runs/22245761.pbs-m1.metacentrum.cz/dagsolvers/multirun/2026-07-17/07-22-42/0/.hydra/config.yaml,/Users/xiaoyuhe/project-bestdagsolverintheworld/dagsolvers/metacentrum_runs/22245761.pbs-m1.metacentrum.cz/dagsolvers/mlruns/650589697240084508/b7dc756dc6a54c68bd3ac5167e5f7642,217,75,43.0,0.9382716049382717,5.0,0.0,0.0,0.8837209302325582,43.63667412648556,38.0,2.8324942809802334,1.0,5.0,0.0,5.0,0.6058355482911929,0.8837209302325582,38.0,0.0,0.0,0.0,0.0,0.0,0.0,0.0,0.0,0.0,0.0,0.0,0.0,0.0,0.0,0.0,0.0,0.0,0.0,0.0,0.0,0.0,0.0,0.0,0.0,0.0,0.0,0.0,0.0,0.0,0.0,0.0,0.0,0.0,0.0,0.0,0.0,0.0,0.0,0.0,0.0,0.0,0.0,0.0,0.0,0.0,0.0,0.0,0.0,0.0,0.0,0.0,0.0,0.0,0.0,0.0,0.0,0.0,0.0,0.0,0.0,0.0,0.0,0.0,0.0,0.0,82.0,0.0,791.0,11.0,43.0,0.9382716049382717,5.0,0.0,0.0,0.8837209302325582,38.0,1.0,5.0,0.0,5.0,0.8837209302325582,38.0,43.0,0.9382716049382717,5.0,0.0,0.0,0.8837209302325582,38.0,1.0,5.0,0.0,5.0,0.8837209302325582,38.0,43.0,0.9382716049382717,5.0,0.0,0.0,0.8837209302325582,38.0,1.0,5.0,0.0,5.0,0.8837209302325582,38.0,43.0,0.9382716049382717,5.0,0.0,0.0,0.8837209302325582,38.0,1.0,5.0,0.0,5.0,0.8837209302325582,38.0,43.0,0.9382716049382717,5.0,0.0,0.0,0.8837209302325582,38.0,1.0,5.0,0.0,5.0,0.8837209302325582,38.0,873.0,0.1551084545087999,200.0,0.0,1001.9150030612946,43.0,0.9382716049382717,5.0,0.0,0.0,0.8837209302325582,43.63667412648556,38.0,2.8324942809802334,1.0,5.0,0.0,5.0,0.8837209302325582,38.0,43.0,0.9382716049382717,5.0,0.0,0.0,0.8837209302325582,43.63667412648556,38.0,2.8324942809802334,1.0,5.0,0.0,5.0,0.8837209302325582,38.0,43.0,0.9382716049382717,5.0,0.0,0.0,0.8837209302325582,43.63667412648556,38.0,2.8324942809802334,1.0,5.0,0.0,5.0,0.8837209302325582,38.0,43.0,0.9382716049382717,5.0,0.0,0.0,0.8837209302325582,43.63667412648556,38.0,2.8324942809802334,1.0,5.0,0.0,5.0,0.8837209302325582,38.0,2246.4953001128347,0.9642857142857143,5,4,,5,notears,er,4,False,4,cliquefree_er,1.0,None,False,200,11,0,1,gauss,1.1,0.4,2,0.2,0.5,l1,scalar,all_cycles,all_cliques,0.1,5,weights,5,True,True,False,2,2,10.0,10000000000.0,1.01,True,True,False,True,10,True,1e-06,0,1,none,1.0,1.0,l2,0,5,0.8,0,fractional_separation,D2,fractional_separation,5,10,0.001,True,False,False,l1,,,,,,,0.001,,False,20,cycle_first,False,0.01,1000,100.0,elmo3-2.hw.elixir-czech.cz
/Users/xiaoyuhe/project-bestdagsolverintheworld/dagsolvers/metacentrum_runs/22245761.pbs-m1.metacentrum.cz/dagsolvers,650589697240084508,d8d21aed87a14efa9580074a2f7cfe40,bald-calf-86,3,FINISHED,1784266766631,1784267769456,1002.825,D,D2,METHOD_D2_ROOT_EXHAUSTIVE,4,2,11,200,closest_time,/Users/xiaoyuhe/project-bestdagsolverintheworld/dagsolvers/metacentrum_runs/22245761.pbs-m1.metacentrum.cz/dagsolvers/multirun/2026-07-17/07-22-42/1/.hydra/config.yaml,/Users/xiaoyuhe/project-bestdagsolverintheworld/dagsolvers/metacentrum_runs/22245761.pbs-m1.metacentrum.cz/dagsolvers/mlruns/650589697240084508/d8d21aed87a14efa9580074a2f7cfe40,217,75,42.0,0.9090909090909091,7.0,0.0,0.0,0.8333333333333334,666.7720931279937,35.0,3.8149503684824113,1.0,7.0,0.0,7.0,0.670984956467077,0.8333333333333334,35.0,0.0,0.0,0.0,0.0,0.0,0.0,0.0,0.0,0.0,0.0,0.0,0.0,0.0,0.0,0.0,0.0,0.0,0.0,0.0,0.0,0.0,0.0,0.0,0.0,0.0,0.0,0.0,0.0,0.0,0.0,0.0,0.0,0.0,0.0,0.0,0.0,0.0,0.0,0.0,0.0,0.0,0.0,0.0,0.0,0.0,0.0,0.0,0.0,0.0,0.0,0.0,0.0,0.0,0.0,0.0,0.0,0.0,0.0,0.0,0.0,0.0,0.0,0.0,0.0,0.0,87.0,0.0,477.0,11.0,42.0,0.9090909090909091,7.0,0.0,0.0,0.8333333333333334,35.0,1.0,7.0,0.0,7.0,0.8333333333333334,35.0,42.0,0.8974358974358975,7.0,1.0,0.027777777777777776,0.8095238095238095,36.0,0.9722222222222222,8.0,0.0,8.0,0.8333333333333334,35.0,42.0,0.8974358974358975,7.0,1.0,0.027777777777777776,0.8095238095238095,36.0,0.9722222222222222,8.0,0.0,8.0,0.8333333333333334,35.0,42.0,0.8974358974358975,7.0,1.0,0.027777777777777776,0.8095238095238095,36.0,0.9722222222222222,8.0,0.0,8.0,0.8333333333333334,35.0,42.0,0.9090909090909091,7.0,0.0,0.0,0.8333333333333334,35.0,1.0,7.0,0.0,7.0,0.8333333333333334,35.0,564.0,0.24974971893183223,200.0,0.0,1002.2713658809662,42.0,0.8974358974358975,7.0,1.0,0.027777777777777776,0.8095238095238095,42.254595473153586,36.0,3.8277218695490856,0.9722222222222222,8.0,0.0,8.0,0.8333333333333334,35.0,42.0,0.8974358974358975,7.0,1.0,0.027777777777777776,0.8095238095238095,42.254595473153586,36.0,3.8277218695490856,0.9722222222222222,8.0,0.0,8.0,0.8333333333333334,35.0,42.0,0.8974358974358975,7.0,1.0,0.027777777777777776,0.8095238095238095,42.254595473153586,36.0,3.8277218695490856,0.9722222222222222,8.0,0.0,8.0,0.8333333333333334,35.0,42.0,0.9090909090909091,7.0,0.0,0.0,0.8333333333333334,666.7720931279937,35.0,3.8149503684824113,1.0,7.0,0.0,7.0,0.8333333333333334,35.0,2219.111896724418,0.9797979797979798,5,4,,5,notears,er,4,False,4,cliquefree_er,1.0,None,False,200,11,0,2,gauss,1.1,0.4,2,0.2,0.5,l1,scalar,all_cycles,all_cliques,0.1,5,weights,5,True,True,False,2,2,10.0,10000000000.0,1.01,True,True,False,True,10,True,1e-06,0,1,none,1.0,1.0,l2,0,5,0.8,0,fractional_separation,D2,fractional_separation,5,10,0.001,True,False,False,l1,,,,,,,0.001,,False,20,cycle_first,False,0.01,1000,100.0,elmo3-2.hw.elixir-czech.cz
/Users/xiaoyuhe/project-bestdagsolverintheworld/dagsolvers/metacentrum_runs/22245761.pbs-m1.metacentrum.cz/dagsolvers,409967637058332866,34aaa0bcf1cd4b128a78ccad82d7f28d,unleashed-stoat-821,3,FINISHED,1784267840104,1784268842556,1002.452,D,D3,METHOD_D3_ROOT_GREEDY_WEIGHTED,4,1,11,200,closest_time,/Users/xiaoyuhe/project-bestdagsolverintheworld/dagsolvers/metacentrum_runs/22245761.pbs-m1.metacentrum.cz/dagsolvers/multirun/2026-07-17/07-57-18/0/.hydra/config.yaml,/Users/xiaoyuhe/project-bestdagsolverintheworld/dagsolvers/metacentrum_runs/22245761.pbs-m1.metacentrum.cz/dagsolvers/mlruns/409967637058332866/34aaa0bcf1cd4b128a78ccad82d7f28d,217,75,43.0,0.9382716049382717,5.0,0.0,0.0,0.8837209302325582,43.63667412648556,38.0,2.8324942809802334,1.0,5.0,0.0,5.0,0.6058355482911929,0.8837209302325582,38.0,0.0,0.0,0.0,0.0,0.0,0.0,0.0,0.0,0.0,0.0,0.0,0.0,0.0,0.0,0.0,0.0,0.0,0.0,0.0,0.0,0.0,0.0,0.0,0.0,0.0,0.0,0.0,0.0,0.0,0.0,0.0,0.0,0.0,0.0,0.0,0.0,0.0,0.0,0.0,0.0,0.0,0.0,0.0,0.0,0.0,0.0,0.0,0.0,0.0,0.0,0.0,0.0,0.0,0.0,0.0,0.0,0.0,0.0,0.0,0.0,0.0,0.0,0.0,0.0,0.0,82.0,0.0,791.0,11.0,43.0,0.9382716049382717,5.0,0.0,0.0,0.8837209302325582,38.0,1.0,5.0,0.0,5.0,0.8837209302325582,38.0,43.0,0.9382716049382717,5.0,0.0,0.0,0.8837209302325582,38.0,1.0,5.0,0.0,5.0,0.8837209302325582,38.0,43.0,0.9382716049382717,5.0,0.0,0.0,0.8837209302325582,38.0,1.0,5.0,0.0,5.0,0.8837209302325582,38.0,43.0,0.9382716049382717,5.0,0.0,0.0,0.8837209302325582,38.0,1.0,5.0,0.0,5.0,0.8837209302325582,38.0,43.0,0.9382716049382717,5.0,0.0,0.0,0.8837209302325582,38.0,1.0,5.0,0.0,5.0,0.8837209302325582,38.0,873.0,0.15534141302116536,200.0,0.0,1001.8626277446747,43.0,0.9382716049382717,5.0,0.0,0.0,0.8837209302325582,43.63667412648556,38.0,2.8324942809802334,1.0,5.0,0.0,5.0,0.8837209302325582,38.0,43.0,0.9382716049382717,5.0,0.0,0.0,0.8837209302325582,43.63667412648556,38.0,2.8324942809802334,1.0,5.0,0.0,5.0,0.8837209302325582,38.0,43.0,0.9382716049382717,5.0,0.0,0.0,0.8837209302325582,43.63667412648556,38.0,2.8324942809802334,1.0,5.0,0.0,5.0,0.8837209302325582,38.0,43.0,0.9382716049382717,5.0,0.0,0.0,0.8837209302325582,43.63667412648556,38.0,2.8324942809802334,1.0,5.0,0.0,5.0,0.8837209302325582,38.0,2246.4953001128347,0.9642857142857143,5,4,,5,notears,er,4,False,4,cliquefree_er,1.0,None,False,200,11,0,1,gauss,1.1,0.4,2,0.2,0.5,l1,scalar,all_cycles,all_cliques,0.1,5,weights,5,True,True,False,2,2,10.0,10000000000.0,1.01,True,True,False,True,10,True,1e-06,0,1,none,1.0,1.0,l2,0,5,0.8,0,fractional_separation,D3,fractional_separation,5,10,0.001,True,False,False,l1,,,,,,,0.001,,False,20,cycle_first,False,0.01,1000,100.0,elmo3-2.hw.elixir-czech.cz
/Users/xiaoyuhe/project-bestdagsolverintheworld/dagsolvers/metacentrum_runs/22245761.pbs-m1.metacentrum.cz/dagsolvers,409967637058332866,11ec13295b944055bbc4da248924b17c,bald-calf-86,3,FINISHED,1784268842901,1784269845760,1002.859,D,D3,METHOD_D3_ROOT_GREEDY_WEIGHTED,4,2,11,200,closest_time,/Users/xiaoyuhe/project-bestdagsolverintheworld/dagsolvers/metacentrum_runs/22245761.pbs-m1.metacentrum.cz/dagsolvers/multirun/2026-07-17/07-57-18/1/.hydra/config.yaml,/Users/xiaoyuhe/project-bestdagsolverintheworld/dagsolvers/metacentrum_runs/22245761.pbs-m1.metacentrum.cz/dagsolvers/mlruns/409967637058332866/11ec13295b944055bbc4da248924b17c,217,75,42.0,0.9090909090909091,7.0,0.0,0.0,0.8333333333333334,666.7720931279937,35.0,3.8149503684824113,1.0,7.0,0.0,7.0,0.670984956467077,0.8333333333333334,35.0,0.0,0.0,0.0,0.0,0.0,0.0,0.0,0.0,0.0,0.0,0.0,0.0,0.0,0.0,0.0,0.0,0.0,0.0,0.0,0.0,0.0,0.0,0.0,0.0,0.0,0.0,0.0,0.0,0.0,0.0,0.0,0.0,0.0,0.0,0.0,0.0,0.0,0.0,0.0,0.0,0.0,0.0,0.0,0.0,0.0,0.0,0.0,0.0,0.0,0.0,0.0,0.0,0.0,0.0,0.0,0.0,0.0,0.0,0.0,0.0,0.0,0.0,0.0,0.0,0.0,87.0,0.0,477.0,11.0,42.0,0.9090909090909091,7.0,0.0,0.0,0.8333333333333334,35.0,1.0,7.0,0.0,7.0,0.8333333333333334,35.0,42.0,0.8974358974358975,7.0,1.0,0.027777777777777776,0.8095238095238095,36.0,0.9722222222222222,8.0,0.0,8.0,0.8333333333333334,35.0,42.0,0.8974358974358975,7.0,1.0,0.027777777777777776,0.8095238095238095,36.0,0.9722222222222222,8.0,0.0,8.0,0.8333333333333334,35.0,42.0,0.8974358974358975,7.0,1.0,0.027777777777777776,0.8095238095238095,36.0,0.9722222222222222,8.0,0.0,8.0,0.8333333333333334,35.0,42.0,0.9090909090909091,7.0,0.0,0.0,0.8333333333333334,35.0,1.0,7.0,0.0,7.0,0.8333333333333334,35.0,564.0,0.2499800491993907,200.0,0.0,1002.3017971515656,42.0,0.8974358974358975,7.0,1.0,0.027777777777777776,0.8095238095238095,42.254595473153586,36.0,3.8277218695490856,0.9722222222222222,8.0,0.0,8.0,0.8333333333333334,35.0,42.0,0.8974358974358975,7.0,1.0,0.027777777777777776,0.8095238095238095,42.254595473153586,36.0,3.8277218695490856,0.9722222222222222,8.0,0.0,8.0,0.8333333333333334,35.0,42.0,0.8974358974358975,7.0,1.0,0.027777777777777776,0.8095238095238095,42.254595473153586,36.0,3.8277218695490856,0.9722222222222222,8.0,0.0,8.0,0.8333333333333334,35.0,42.0,0.9090909090909091,7.0,0.0,0.0,0.8333333333333334,666.7720931279937,35.0,3.8149503684824113,1.0,7.0,0.0,7.0,0.8333333333333334,35.0,2219.111896724418,0.9797979797979798,5,4,,5,notears,er,4,False,4,cliquefree_er,1.0,None,False,200,11,0,2,gauss,1.1,0.4,2,0.2,0.5,l1,scalar,all_cycles,all_cliques,0.1,5,weights,5,True,True,False,2,2,10.0,10000000000.0,1.01,True,True,False,True,10,True,1e-06,0,1,none,1.0,1.0,l2,0,5,0.8,0,fractional_separation,D3,fractional_separation,5,10,0.001,True,False,False,l1,,,,,,,0.001,,False,20,cycle_first,False,0.01,1000,100.0,elmo3-2.hw.elixir-czech.cz
/Users/xiaoyuhe/project-bestdagsolverintheworld/dagsolvers/metacentrum_runs/22245761.pbs-m1.metacentrum.cz/dagsolvers,668970192935366733,2fcf7aaabb9041f1afe80d59e0d8daf2,unleashed-stoat-821,3,FINISHED,1784269913127,1784270915012,1001.885,D,D4,METHOD_D4_ROOT_SPARSE_NONROOT,4,1,11,200,closest_time,/Users/xiaoyuhe/project-bestdagsolverintheworld/dagsolvers/metacentrum_runs/22245761.pbs-m1.metacentrum.cz/dagsolvers/multirun/2026-07-17/08-31-51/0/.hydra/config.yaml,/Users/xiaoyuhe/project-bestdagsolverintheworld/dagsolvers/metacentrum_runs/22245761.pbs-m1.metacentrum.cz/dagsolvers/mlruns/668970192935366733/2fcf7aaabb9041f1afe80d59e0d8daf2,217,75,43.0,0.9382716049382717,5.0,0.0,0.0,0.8837209302325582,43.63922949735115,38.0,2.832624393963139,1.0,5.0,0.0,5.0,0.6058355482911966,0.8837209302325582,38.0,0.0,0.0,0.0,0.0,0.0,0.0,0.0,0.0,0.0,0.0,0.0,0.0,0.0,0.0,0.0,0.0,0.0,0.0,0.0,0.0,0.0,0.0,0.0,0.0,0.0,0.0,0.0,0.0,0.0,0.0,0.0,0.0,0.0,0.0,0.0,0.0,0.0,0.0,0.0,0.0,0.0,0.0,0.0,0.0,0.0,0.0,0.0,0.0,0.0,0.0,0.0,0.0,0.0,0.0,0.0,0.0,0.0,0.0,0.0,0.0,0.0,0.0,0.0,0.0,0.0,90.0,118.0,749.0,11.0,43.0,0.9382716049382717,5.0,0.0,0.0,0.8837209302325582,38.0,1.0,5.0,0.0,5.0,0.8837209302325582,38.0,43.0,0.9382716049382717,5.0,0.0,0.0,0.8837209302325582,38.0,1.0,5.0,0.0,5.0,0.8837209302325582,38.0,43.0,0.9382716049382717,5.0,0.0,0.0,0.8837209302325582,38.0,1.0,5.0,0.0,5.0,0.8837209302325582,38.0,43.0,0.9382716049382717,5.0,0.0,0.0,0.8837209302325582,38.0,1.0,5.0,0.0,5.0,0.8837209302325582,38.0,43.0,0.9382716049382717,5.0,0.0,0.0,0.8837209302325582,38.0,1.0,5.0,0.0,5.0,0.8837209302325582,38.0,839.0,0.20994947248787565,200.0,0.0,1001.2829911708832,43.0,0.9382716049382717,5.0,0.0,0.0,0.8837209302325582,43.63922949735115,38.0,2.832624393963139,1.0,5.0,0.0,5.0,0.8837209302325582,38.0,43.0,0.9382716049382717,5.0,0.0,0.0,0.8837209302325582,43.63922949735115,38.0,2.832624393963139,1.0,5.0,0.0,5.0,0.8837209302325582,38.0,43.0,0.9382716049382717,5.0,0.0,0.0,0.8837209302325582,43.63922949735115,38.0,2.832624393963139,1.0,5.0,0.0,5.0,0.8837209302325582,38.0,43.0,0.9382716049382717,5.0,0.0,0.0,0.8837209302325582,43.63922949735115,38.0,2.832624393963139,1.0,5.0,0.0,5.0,0.8837209302325582,38.0,2246.4953001128347,0.9642857142857143,5,4,,5,notears,er,4,False,4,cliquefree_er,1.0,None,False,200,11,0,1,gauss,1.1,0.4,2,0.2,0.5,l1,scalar,all_cycles,all_cliques,0.1,5,weights,5,True,True,False,2,2,10.0,10000000000.0,1.01,True,True,False,True,10,False,1e-06,0,1,none,1.0,1.0,l2,0,5,0.8,0,fractional_separation,D4,fractional_separation,5,10,0.001,True,False,False,l1,,,,,,,0.001,,False,20,cycle_first,False,0.01,1000,100.0,elmo3-2.hw.elixir-czech.cz
/Users/xiaoyuhe/project-bestdagsolverintheworld/dagsolvers/metacentrum_runs/22245761.pbs-m1.metacentrum.cz/dagsolvers,668970192935366733,424de4e710534828bcf174393fbe1aa8,bald-calf-86,3,FINISHED,1784270915282,1784271917224,1001.942,D,D4,METHOD_D4_ROOT_SPARSE_NONROOT,4,2,11,200,closest_time,/Users/xiaoyuhe/project-bestdagsolverintheworld/dagsolvers/metacentrum_runs/22245761.pbs-m1.metacentrum.cz/dagsolvers/multirun/2026-07-17/08-31-51/1/.hydra/config.yaml,/Users/xiaoyuhe/project-bestdagsolverintheworld/dagsolvers/metacentrum_runs/22245761.pbs-m1.metacentrum.cz/dagsolvers/mlruns/668970192935366733/424de4e710534828bcf174393fbe1aa8,217,75,42.0,0.9090909090909091,7.0,0.0,0.0,0.8333333333333334,666.7721778755149,35.0,3.814334292036349,1.0,7.0,0.0,7.0,0.6709849564670773,0.8333333333333334,35.0,0.0,0.0,0.0,0.0,0.0,0.0,0.0,0.0,0.0,0.0,0.0,0.0,0.0,0.0,0.0,0.0,0.0,0.0,0.0,0.0,0.0,0.0,0.0,0.0,0.0,0.0,0.0,0.0,0.0,0.0,0.0,0.0,0.0,0.0,0.0,0.0,0.0,0.0,0.0,0.0,0.0,0.0,0.0,0.0,0.0,0.0,0.0,0.0,0.0,0.0,0.0,0.0,0.0,0.0,0.0,0.0,0.0,0.0,0.0,0.0,0.0,0.0,0.0,0.0,0.0,57.0,175.0,476.0,11.0,42.0,0.9090909090909091,7.0,0.0,0.0,0.8333333333333334,35.0,1.0,7.0,0.0,7.0,0.8333333333333334,35.0,42.0,0.8974358974358975,7.0,1.0,0.027777777777777776,0.8095238095238095,36.0,0.9722222222222222,8.0,0.0,8.0,0.8333333333333334,35.0,42.0,0.8974358974358975,7.0,1.0,0.027777777777777776,0.8095238095238095,36.0,0.9722222222222222,8.0,0.0,8.0,0.8333333333333334,35.0,42.0,0.8974358974358975,7.0,1.0,0.027777777777777776,0.8095238095238095,36.0,0.9722222222222222,8.0,0.0,8.0,0.8333333333333334,35.0,42.0,0.9090909090909091,7.0,0.0,0.0,0.8333333333333334,35.0,1.0,7.0,0.0,7.0,0.8333333333333334,35.0,533.0,0.19365660966345102,200.0,0.0,1001.3810486793518,42.0,0.8974358974358975,7.0,1.0,0.027777777777777776,0.8095238095238095,42.25468022067071,36.0,3.8271078490218557,0.9722222222222222,8.0,0.0,8.0,0.8333333333333334,35.0,42.0,0.8974358974358975,7.0,1.0,0.027777777777777776,0.8095238095238095,42.25468022067071,36.0,3.8271078490218557,0.9722222222222222,8.0,0.0,8.0,0.8333333333333334,35.0,42.0,0.8974358974358975,7.0,1.0,0.027777777777777776,0.8095238095238095,42.25468022067071,36.0,3.8271078490218557,0.9722222222222222,8.0,0.0,8.0,0.8333333333333334,35.0,42.0,0.9090909090909091,7.0,0.0,0.0,0.8333333333333334,666.7721778755149,35.0,3.814334292036349,1.0,7.0,0.0,7.0,0.8333333333333334,35.0,2219.111896724418,0.9797979797979798,5,4,,5,notears,er,4,False,4,cliquefree_er,1.0,None,False,200,11,0,2,gauss,1.1,0.4,2,0.2,0.5,l1,scalar,all_cycles,all_cliques,0.1,5,weights,5,True,True,False,2,2,10.0,10000000000.0,1.01,True,True,False,True,10,False,1e-06,0,1,none,1.0,1.0,l2,0,5,0.8,0,fractional_separation,D4,fractional_separation,5,10,0.001,True,False,False,l1,,,,,,,0.001,,False,20,cycle_first,False,0.01,1000,100.0,elmo3-2.hw.elixir-czech.cz
/Users/xiaoyuhe/project-bestdagsolverintheworld/dagsolvers/metacentrum_runs/22245761.pbs-m1.metacentrum.cz/dagsolvers,970828881520112953,5d2806ef6b17454bb686dbcf89a0b7f2,unleashed-stoat-821,1,RUNNING,1784271997557,,,D,D5,METHOD_D5_HISTORY_GUIDED,4,1,11,200,closest_time,/Users/xiaoyuhe/project-bestdagsolverintheworld/dagsolvers/metacentrum_runs/22245761.pbs-m1.metacentrum.cz/dagsolvers/multirun/2026-07-17/09-06-35/0/.hydra/config.yaml,/Users/xiaoyuhe/project-bestdagsolverintheworld/dagsolvers/metacentrum_runs/22245761.pbs-m1.metacentrum.cz/dagsolvers/mlruns/970828881520112953/5d2806ef6b17454bb686dbcf89a0b7f2,4,75,,,,,,,,,,,,,,,,,,,,,,,,,,,,,,,,,,,,,,,,,,,,,,,,,,,,,,,,,,,,,,,,,,,,,,,,,,,,,,,,,,,,,11.0,,,,,,,,,,,,,,,,,,,,,,,,,,,,,,,,,,,,,,,,,,,,,,,,,,,,,,,,,,,,,,,,,,,,200.0,0.0,,,,,,,,,,,,,,,,,,,,,,,,,,,,,,,,,,,,,,,,,,,,,,,,,,,,,,,,,,,,,,,0.9642857142857143,5,4,,5,notears,er,4,False,4,cliquefree_er,1.0,None,False,200,11,0,1,gauss,1.1,0.4,2,0.2,0.5,l1,scalar,all_cycles,all_cliques,0.1,5,weights,5,True,True,False,2,2,10.0,10000000000.0,1.01,True,True,False,True,10,False,1e-06,0,1,none,1.0,1.0,l2,0,5,0.8,0,fractional_separation,D5,fractional_separation,5,10,0.001,True,False,False,l1,,,,,,,0.001,,False,20,cycle_first,False,0.01,1000,100.0,elmo3-2.hw.elixir-czech.cz
/Users/xiaoyuhe/project-bestdagsolverintheworld/dagsolvers/metacentrum_runs/22245764.pbs-m1.metacentrum.cz/dagsolvers,370500057223092416,e52ab92fd1824c0d9edbf553d823a66c,unleashed-stoat-821,3,FINISHED,1784238694016,1784239698032,1004.016,A,A,METHOD_A_DELAYED_SEPARATION,5,1,11,200,closest_time,/Users/xiaoyuhe/project-bestdagsolverintheworld/dagsolvers/metacentrum_runs/22245764.pbs-m1.metacentrum.cz/dagsolvers/multirun/2026-07-16/23-51-32/0/.hydra/config.yaml,/Users/xiaoyuhe/project-bestdagsolverintheworld/dagsolvers/metacentrum_runs/22245764.pbs-m1.metacentrum.cz/dagsolvers/mlruns/370500057223092416/e52ab92fd1824c0d9edbf553d823a66c,217,75,34.0,0.923076923076923,4.0,1.0,0.03225806451612903,0.8529411764705882,16.073478430984323,31.0,2.921655941605613,0.967741935483871,3.5,0.0,3.5,0.4661818302472956,0.8823529411764706,30.0,0.0,0.0,0.0,0.0,0.0,0.0,0.0,0.0,0.0,0.0,0.0,0.0,0.0,0.0,0.0,0.0,0.0,0.0,0.0,0.0,0.0,0.0,0.0,0.0,0.0,0.0,0.0,0.0,0.0,0.0,0.0,0.0,0.0,0.0,0.0,0.0,0.0,0.0,0.0,0.0,0.0,0.0,0.0,0.0,0.0,0.0,0.0,0.0,0.0,0.0,0.0,0.0,0.0,0.0,0.0,0.0,0.0,0.0,0.0,0.0,0.0,0.0,0.0,0.0,0.0,0.0,0.0,220.0,11.0,34.0,0.923076923076923,4.0,1.0,0.03225806451612903,0.8529411764705882,31.0,0.967741935483871,3.5,0.0,3.5,0.8823529411764706,30.0,34.0,0.923076923076923,4.0,1.0,0.03225806451612903,0.8529411764705882,31.0,0.967741935483871,3.5,0.0,3.5,0.8823529411764706,30.0,34.0,0.923076923076923,4.0,1.0,0.03225806451612903,0.8529411764705882,31.0,0.967741935483871,3.5,0.0,3.5,0.8823529411764706,30.0,34.0,0.923076923076923,4.0,1.0,0.03225806451612903,0.8529411764705882,31.0,0.967741935483871,3.5,0.0,3.5,0.8823529411764706,30.0,34.0,0.9375,4.0,0.0,0.0,0.8823529411764706,30.0,1.0,4.0,0.0,4.0,0.8823529411764706,30.0,220.0,0.11110321784887682,200.0,0.0,1003.5054428577423,34.0,0.923076923076923,4.0,1.0,0.03225806451612903,0.8529411764705882,16.073478430984323,31.0,2.921655941605613,0.967741935483871,3.5,0.0,3.5,0.8823529411764706,30.0,34.0,0.923076923076923,4.0,1.0,0.03225806451612903,0.8529411764705882,16.073478430984323,31.0,2.921655941605613,0.967741935483871,3.5,0.0,3.5,0.8823529411764706,30.0,34.0,0.923076923076923,4.0,1.0,0.03225806451612903,0.8529411764705882,16.073478430984323,31.0,2.921655941605613,0.967741935483871,3.5,0.0,3.5,0.8823529411764706,30.0,34.0,0.9375,4.0,0.0,0.0,0.8823529411764706,373.4937106191396,30.0,2.8842239757457575,1.0,4.0,0.0,4.0,0.8823529411764706,30.0,2246.4953001128347,1.0,5,5,,5,notears,er,5,False,5,cliquefree_er,1.0,None,False,200,11,0,1,gauss,1.1,0.4,2,0.2,0.5,l1,scalar,first_cycle,first_clique,0.1,1,weights,1,True,True,True,2,2,10.0,10000000000.0,1.01,True,True,False,True,10,True,1e-06,0,1,none,1.0,1.0,l2,1,5,0.8,1,delayed_separation,A,delayed_separation,5,10,0.001,True,False,False,l1,,,,,,,0.001,,False,20,cycle_first,False,0.01,1000,100.0,elmo3-3.hw.elixir-czech.cz
/Users/xiaoyuhe/project-bestdagsolverintheworld/dagsolvers/metacentrum_runs/22245764.pbs-m1.metacentrum.cz/dagsolvers,370500057223092416,44fa5e7dae684407b0e309ff06e842db,bald-calf-86,3,FINISHED,1784239698310,1784240702461,1004.151,A,A,METHOD_A_DELAYED_SEPARATION,5,2,11,200,closest_time,/Users/xiaoyuhe/project-bestdagsolverintheworld/dagsolvers/metacentrum_runs/22245764.pbs-m1.metacentrum.cz/dagsolvers/multirun/2026-07-16/23-51-32/1/.hydra/config.yaml,/Users/xiaoyuhe/project-bestdagsolverintheworld/dagsolvers/metacentrum_runs/22245764.pbs-m1.metacentrum.cz/dagsolvers/mlruns/370500057223092416/44fa5e7dae684407b0e309ff06e842db,217,75,34.0,0.9696969696969697,2.0,0.0,0.0,0.9411764705882353,-22.789102429749164,32.0,2.6166090369578785,1.0,2.0,0.0,2.0,0.4973614711892261,0.9411764705882353,32.0,0.0,0.0,0.0,0.0,0.0,0.0,0.0,0.0,0.0,0.0,0.0,0.0,0.0,0.0,0.0,0.0,0.0,0.0,0.0,0.0,0.0,0.0,0.0,0.0,0.0,0.0,0.0,0.0,0.0,0.0,0.0,0.0,0.0,0.0,0.0,0.0,0.0,0.0,0.0,0.0,0.0,0.0,0.0,0.0,0.0,0.0,0.0,0.0,0.0,0.0,0.0,0.0,0.0,0.0,0.0,0.0,0.0,0.0,0.0,0.0,0.0,0.0,0.0,0.0,0.0,0.0,0.0,95.0,11.0,34.0,0.9696969696969697,2.0,0.0,0.0,0.9411764705882353,32.0,1.0,2.0,0.0,2.0,0.9411764705882353,32.0,34.0,0.9696969696969697,2.0,0.0,0.0,0.9411764705882353,32.0,1.0,2.0,0.0,2.0,0.9411764705882353,32.0,34.0,0.9696969696969697,2.0,0.0,0.0,0.9411764705882353,32.0,1.0,2.0,0.0,2.0,0.9411764705882353,32.0,34.0,0.9696969696969697,2.0,0.0,0.0,0.9411764705882353,32.0,1.0,2.0,0.0,2.0,0.9411764705882353,32.0,34.0,0.9538461538461539,3.0,0.0,0.0,0.9117647058823529,31.0,1.0,3.0,0.0,3.0,0.9117647058823529,31.0,95.0,0.13831295787200917,200.0,0.0,1003.6571395397186,34.0,0.9696969696969697,2.0,0.0,0.0,0.9411764705882353,-22.789102429749164,32.0,2.6166090369578785,1.0,2.0,0.0,2.0,0.9411764705882353,32.0,34.0,0.9696969696969697,2.0,0.0,0.0,0.9411764705882353,-22.789102429749164,32.0,2.6166090369578785,1.0,2.0,0.0,2.0,0.9411764705882353,32.0,34.0,0.9696969696969697,2.0,0.0,0.0,0.9411764705882353,-22.789102429749164,32.0,2.6166090369578785,1.0,2.0,0.0,2.0,0.9411764705882353,32.0,34.0,0.9538461538461539,3.0,0.0,0.0,0.9117647058823529,180.85278462472616,31.0,2.684455565791724,1.0,3.0,0.0,3.0,0.9117647058823529,31.0,2219.111896724417,1.0,5,5,,5,notears,er,5,False,5,cliquefree_er,1.0,None,False,200,11,0,2,gauss,1.1,0.4,2,0.2,0.5,l1,scalar,first_cycle,first_clique,0.1,1,weights,1,True,True,True,2,2,10.0,10000000000.0,1.01,True,True,False,True,10,True,1e-06,0,1,none,1.0,1.0,l2,1,5,0.8,1,delayed_separation,A,delayed_separation,5,10,0.001,True,False,False,l1,,,,,,,0.001,,False,20,cycle_first,False,0.01,1000,100.0,elmo3-3.hw.elixir-czech.cz
/Users/xiaoyuhe/project-bestdagsolverintheworld/dagsolvers/metacentrum_runs/22245764.pbs-m1.metacentrum.cz/dagsolvers,576183823816478054,7a56afd4145d4394aa1d75912a6d4a90,unleashed-stoat-821,3,FINISHED,1784240774264,1784241777058,1002.794,B,B1,METHOD_B1_FIRST_MINIMAL_K_PLUS_1,5,2,11,200,closest_time,/Users/xiaoyuhe/project-bestdagsolverintheworld/dagsolvers/metacentrum_runs/22245764.pbs-m1.metacentrum.cz/dagsolvers/multirun/2026-07-17/00-26-12/1/.hydra/config.yaml,/Users/xiaoyuhe/project-bestdagsolverintheworld/dagsolvers/metacentrum_runs/22245764.pbs-m1.metacentrum.cz/dagsolvers/mlruns/576183823816478054/7a56afd4145d4394aa1d75912a6d4a90,0,0,,,,,,,,,,,,,,,,,,,,,,,,,,,,,,,,,,,,,,,,,,,,,,,,,,,,,,,,,,,,,,,,,,,,,,,,,,,,,,,,,,,,,,,,,,,,,,,,,,,,,,,,,,,,,,,,,,,,,,,,,,,,,,,,,,,,,,,,,,,,,,,,,,,,,,,,,,,,,,,,,,,,,,,,,,,,,,,,,,,,,,,,,,,,,,,,,,,,,,,,,,,,,,,,,,,,,,,,,,,,,,,,,,,,,,,,,,,,,,,,,,,,,,,,,,,,,,,,,,,,,,,,,,,,,,,,,,,,,,,,,,,,,,,,,,,,,,,,,,,
/Users/xiaoyuhe/project-bestdagsolverintheworld/dagsolvers/metacentrum_runs/22245764.pbs-m1.metacentrum.cz/dagsolvers,576183823816478054,9abf7002c7224e9f82e28941a4ce7e82,bald-calf-86,3,FINISHED,1784241777325,1784242780319,1002.994,B,B1,METHOD_B1_FIRST_MINIMAL_K_PLUS_1,5,2,11,200,closest_time,/Users/xiaoyuhe/project-bestdagsolverintheworld/dagsolvers/metacentrum_runs/22245764.pbs-m1.metacentrum.cz/dagsolvers/multirun/2026-07-17/00-26-12/1/config.yaml,/Users/xiaoyuhe/project-bestdagsolverintheworld/dagsolvers/metacentrum_runs/22245764.pbs-m1.metacentrum.cz/dagsolvers/mlruns/576183823816478054/9abf7002c7224e9f82e28941a4ce7e82,0,0,,,,,,,,,,,,,,,,,,,,,,,,,,,,,,,,,,,,,,,,,,,,,,,,,,,,,,,,,,,,,,,,,,,,,,,,,,,,,,,,,,,,,,,,,,,,,,,,,,,,,,,,,,,,,,,,,,,,,,,,,,,,,,,,,,,,,,,,,,,,,,,,,,,,,,,,,,,,,,,,,,,,,,,,,,,,,,,,,,,,,,,,,,,,,,,,,,,,,,,,,,,,,,,,,,,,,,,,,,,,,,,,,,,,,,,,,,,,,,,,,,,,,,,,,,,,,,,,,,,,,,,,,,,,,,,,,,,,,,,,,,,,,,,,,,,,,,,,,,,
/Users/xiaoyuhe/project-bestdagsolverintheworld/dagsolvers/metacentrum_runs/22245764.pbs-m1.metacentrum.cz/dagsolvers,425619050311822022,2a6fbbb9b22f401d9e19bbd7b71b7b91,unleashed-stoat-821,3,FINISHED,1784242850419,1784243853516,1003.097,B,B2,METHOD_B2_ALL_K_PLUS_1,5,1,11,200,closest_time,/Users/xiaoyuhe/project-bestdagsolverintheworld/dagsolvers/metacentrum_runs/22245764.pbs-m1.metacentrum.cz/dagsolvers/multirun/2026-07-17/01-00-48/0/.hydra/config.yaml,/Users/xiaoyuhe/project-bestdagsolverintheworld/dagsolvers/metacentrum_runs/22245764.pbs-m1.metacentrum.cz/dagsolvers/mlruns/425619050311822022/2a6fbbb9b22f401d9e19bbd7b71b7b91,217,72,34.0,0.923076923076923,4.0,1.0,0.03225806451612903,0.8529411764705882,16.073478401223838,31.0,2.9216540618182205,0.967741935483871,3.5,0.0,3.5,0.4661818302472956,0.8823529411764706,30.0,0.0,0.0,0.0,0.0,0.0,0.0,0.0,0.0,0.0,0.0,0.0,0.0,0.0,0.0,0.0,0.0,0.0,0.0,0.0,0.0,0.0,0.0,0.0,0.0,0.0,0.0,0.0,0.0,0.0,0.0,0.0,0.0,0.0,0.0,0.0,0.0,0.0,0.0,0.0,0.0,0.0,0.0,0.0,0.0,0.0,0.0,0.0,0.0,0.0,0.0,0.0,0.0,0.0,0.0,0.0,0.0,0.0,0.0,0.0,0.0,0.0,0.0,0.0,0.0,0.0,30.0,0.0,365.0,11.0,34.0,0.923076923076923,4.0,1.0,0.03225806451612903,0.8529411764705882,31.0,0.967741935483871,3.5,0.0,3.5,0.8823529411764706,30.0,34.0,0.923076923076923,4.0,1.0,0.03225806451612903,0.8529411764705882,31.0,0.967741935483871,3.5,0.0,3.5,0.8823529411764706,30.0,34.0,0.923076923076923,4.0,1.0,0.03225806451612903,0.8529411764705882,31.0,0.967741935483871,3.5,0.0,3.5,0.8823529411764706,30.0,34.0,0.923076923076923,4.0,1.0,0.03225806451612903,0.8529411764705882,31.0,0.967741935483871,3.5,0.0,3.5,0.8823529411764706,30.0,34.0,0.9375,4.0,0.0,0.0,0.8823529411764706,30.0,1.0,4.0,0.0,4.0,0.8823529411764706,30.0,395.0,0.11148973940960095,200.0,0.0,1002.5983512401581,34.0,0.923076923076923,4.0,1.0,0.03225806451612903,0.8529411764705882,16.073478401223838,31.0,2.9216540618182205,0.967741935483871,3.5,0.0,3.5,0.8823529411764706,30.0,34.0,0.923076923076923,4.0,1.0,0.03225806451612903,0.8529411764705882,16.073478401223838,31.0,2.9216540618182205,0.967741935483871,3.5,0.0,3.5,0.8823529411764706,30.0,34.0,0.923076923076923,4.0,1.0,0.03225806451612903,0.8529411764705882,16.073478401223838,31.0,2.9216540618182205,0.967741935483871,3.5,0.0,3.5,0.8823529411764706,30.0,34.0,0.9375,4.0,0.0,0.0,0.8823529411764706,373.4937105893782,30.0,2.884222071562138,1.0,4.0,0.0,4.0,0.8823529411764706,30.0,2246.4953001128347,1.0,5,5,,5,notears,er,5,False,5,cliquefree_er,1.0,None,False,200,11,0,1,gauss,1.1,0.4,2,0.2,0.5,l1,scalar,all_cycles,all_cliques,,5,weights,5,False,True,False,,2,10.0,10000000000.0,1.01,True,True,False,True,10,True,1e-06,0,1,none,1.0,1.0,l2,0,5,,0,controlled_cut_addition,B2,controlled_cut_addition,5,10,0.001,True,False,False,l1,,,,,,,0.001,,False,20,cycle_first,False,0.01,1000,100.0,elmo3-3.hw.elixir-czech.cz
/Users/xiaoyuhe/project-bestdagsolverintheworld/dagsolvers/metacentrum_runs/22245764.pbs-m1.metacentrum.cz/dagsolvers,425619050311822022,554b0f35c8274db3873a6338fec50d74,bald-calf-86,3,FINISHED,1784243853785,1784244857185,1003.4,B,B2,METHOD_B2_ALL_K_PLUS_1,5,2,11,200,closest_time,/Users/xiaoyuhe/project-bestdagsolverintheworld/dagsolvers/metacentrum_runs/22245764.pbs-m1.metacentrum.cz/dagsolvers/multirun/2026-07-17/01-00-48/1/.hydra/config.yaml,/Users/xiaoyuhe/project-bestdagsolverintheworld/dagsolvers/metacentrum_runs/22245764.pbs-m1.metacentrum.cz/dagsolvers/mlruns/425619050311822022/554b0f35c8274db3873a6338fec50d74,217,72,34.0,0.9696969696969697,2.0,0.0,0.0,0.9411764705882353,-22.789124064393945,32.0,2.6166197935844875,1.0,2.0,0.0,2.0,0.4973614711892261,0.9411764705882353,32.0,0.0,0.0,0.0,0.0,0.0,0.0,0.0,0.0,0.0,0.0,0.0,0.0,0.0,0.0,0.0,0.0,0.0,0.0,0.0,0.0,0.0,0.0,0.0,0.0,0.0,0.0,0.0,0.0,0.0,0.0,0.0,0.0,0.0,0.0,0.0,0.0,0.0,0.0,0.0,0.0,0.0,0.0,0.0,0.0,0.0,0.0,0.0,0.0,0.0,0.0,0.0,0.0,0.0,0.0,0.0,0.0,0.0,0.0,0.0,0.0,0.0,0.0,0.0,0.0,0.0,16.0,0.0,227.0,11.0,34.0,0.9696969696969697,2.0,0.0,0.0,0.9411764705882353,32.0,1.0,2.0,0.0,2.0,0.9411764705882353,32.0,34.0,0.9696969696969697,2.0,0.0,0.0,0.9411764705882353,32.0,1.0,2.0,0.0,2.0,0.9411764705882353,32.0,34.0,0.9696969696969697,2.0,0.0,0.0,0.9411764705882353,32.0,1.0,2.0,0.0,2.0,0.9411764705882353,32.0,34.0,0.9696969696969697,2.0,0.0,0.0,0.9411764705882353,32.0,1.0,2.0,0.0,2.0,0.9411764705882353,32.0,34.0,0.9538461538461539,3.0,0.0,0.0,0.9117647058823529,31.0,1.0,3.0,0.0,3.0,0.9117647058823529,31.0,243.0,0.13136490144275056,200.0,0.0,1002.8545641899109,34.0,0.9696969696969697,2.0,0.0,0.0,0.9411764705882353,-22.789124064393945,32.0,2.6166197935844875,1.0,2.0,0.0,2.0,0.9411764705882353,32.0,34.0,0.9696969696969697,2.0,0.0,0.0,0.9411764705882353,-22.789124064393945,32.0,2.6166197935844875,1.0,2.0,0.0,2.0,0.9411764705882353,32.0,34.0,0.9696969696969697,2.0,0.0,0.0,0.9411764705882353,-22.789124064393945,32.0,2.6166197935844875,1.0,2.0,0.0,2.0,0.9411764705882353,32.0,34.0,0.9538461538461539,3.0,0.0,0.0,0.9117647058823529,180.85276299008228,31.0,2.6844660505580347,1.0,3.0,0.0,3.0,0.9117647058823529,31.0,2219.111896724417,1.0,5,5,,5,notears,er,5,False,5,cliquefree_er,1.0,None,False,200,11,0,2,gauss,1.1,0.4,2,0.2,0.5,l1,scalar,all_cycles,all_cliques,,5,weights,5,False,True,False,,2,10.0,10000000000.0,1.01,True,True,False,True,10,True,1e-06,0,1,none,1.0,1.0,l2,0,5,,0,controlled_cut_addition,B2,controlled_cut_addition,5,10,0.001,True,False,False,l1,,,,,,,0.001,,False,20,cycle_first,False,0.01,1000,100.0,elmo3-3.hw.elixir-czech.cz
/Users/xiaoyuhe/project-bestdagsolverintheworld/dagsolvers/metacentrum_runs/22245764.pbs-m1.metacentrum.cz/dagsolvers,854976332078699421,383a13609ff94b80805a7123507d8872,unleashed-stoat-821,3,FINISHED,1784244929327,1784245932634,1003.307,B,B3,METHOD_B3_MOST_VIOLATED,5,2,11,200,closest_time,/Users/xiaoyuhe/project-bestdagsolverintheworld/dagsolvers/metacentrum_runs/22245764.pbs-m1.metacentrum.cz/dagsolvers/multirun/2026-07-17/01-35-27/1/.hydra/config.yaml,/Users/xiaoyuhe/project-bestdagsolverintheworld/dagsolvers/metacentrum_runs/22245764.pbs-m1.metacentrum.cz/dagsolvers/mlruns/854976332078699421/383a13609ff94b80805a7123507d8872,0,0,,,,,,,,,,,,,,,,,,,,,,,,,,,,,,,,,,,,,,,,,,,,,,,,,,,,,,,,,,,,,,,,,,,,,,,,,,,,,,,,,,,,,,,,,,,,,,,,,,,,,,,,,,,,,,,,,,,,,,,,,,,,,,,,,,,,,,,,,,,,,,,,,,,,,,,,,,,,,,,,,,,,,,,,,,,,,,,,,,,,,,,,,,,,,,,,,,,,,,,,,,,,,,,,,,,,,,,,,,,,,,,,,,,,,,,,,,,,,,,,,,,,,,,,,,,,,,,,,,,,,,,,,,,,,,,,,,,,,,,,,,,,,,,,,,,,,,,,,,,
/Users/xiaoyuhe/project-bestdagsolverintheworld/dagsolvers/metacentrum_runs/22245764.pbs-m1.metacentrum.cz/dagsolvers,854976332078699421,b5f85c7ad0994a0aba1a7fe0116540c5,bald-calf-86,3,FINISHED,1784245932913,1784246935526,1002.613,B,B3,METHOD_B3_MOST_VIOLATED,5,2,11,200,closest_time,/Users/xiaoyuhe/project-bestdagsolverintheworld/dagsolvers/metacentrum_runs/22245764.pbs-m1.metacentrum.cz/dagsolvers/multirun/2026-07-17/01-35-27/1/config.yaml,/Users/xiaoyuhe/project-bestdagsolverintheworld/dagsolvers/metacentrum_runs/22245764.pbs-m1.metacentrum.cz/dagsolvers/mlruns/854976332078699421/b5f85c7ad0994a0aba1a7fe0116540c5,1,0,,,,,,,,32.0,,,,,,,,,,,,,,,,,,,,,,,,,,,,,,,,,,,,,,,,,,,,,,,,,,,,,,,,,,,,,,,,,,,,,,,,,,,,,,,,,,,,,,,,,,,,,,,,,,,,,,,,,,,,,,,,,,,,,,,,,,,,,,,,,,,,,,,,,,,,,,,,,,,,,,,,,,,,,,,,,,,,,,,,,,,,,,,,,,,,,,,,,,,,,,,,,,,,,,,,,,,,,,,,,,,,,,,,,,,,,,,,,,,,,,,,,,,,,,,,,,,,,,,,,,,,,,,,,,,,,,,,,,,,,,,,,,,,,,,,,,,,,,,,,,,
/Users/xiaoyuhe/project-bestdagsolverintheworld/dagsolvers/metacentrum_runs/22245764.pbs-m1.metacentrum.cz/dagsolvers,149595722846520424,f186ea2636ca4b88b063e3ba867d2ef3,unleashed-stoat-821,3,FINISHED,1784247007136,1784248010471,1003.335,B,B4,METHOD_B4_TOP_5,5,2,11,200,closest_time,/Users/xiaoyuhe/project-bestdagsolverintheworld/dagsolvers/metacentrum_runs/22245764.pbs-m1.metacentrum.cz/dagsolvers/multirun/2026-07-17/02-10-05/1/.hydra/config.yaml,/Users/xiaoyuhe/project-bestdagsolverintheworld/dagsolvers/metacentrum_runs/22245764.pbs-m1.metacentrum.cz/dagsolvers/mlruns/149595722846520424/f186ea2636ca4b88b063e3ba867d2ef3,78,0,34.0,0.923076923076923,4.0,1.0,0.03225806451612903,0.8529411764705882,16.073478401223838,31.0,2.9216540618182667,0.967741935483871,3.5,0.0,3.5,0.4661818302472956,0.8823529411764706,30.0,0.0,0.0,0.0,0.0,0.0,0.0,0.0,0.0,0.0,0.0,0.0,0.0,0.0,0.0,0.0,0.0,0.0,0.0,0.0,0.0,0.0,0.0,0.0,0.0,0.0,0.0,0.0,0.0,0.0,0.0,0.0,0.0,0.0,0.0,0.0,0.0,0.0,0.0,0.0,0.0,0.0,0.0,0.0,0.0,0.0,0.0,0.0,0.0,0.0,0.0,0.0,0.0,0.0,0.0,0.0,0.0,0.0,0.0,0.0,0.0,0.0,0.0,,,,,,,,,,,,,,,,,,,,,,,,,,,,,,,,,,,,,,,,,,,,,,,,,,,,,,,,,,,,,,,,,,,,,,,,,,,,,,,,,,,,,,,,,,,,,,,,,,,,,,,,,,,,,,,,,,,,,,,,,,,,,,,,,,,,,,,,,,,,,,,,,,,,,,,,,,,,,,,,,,,,,,,,,,,,,,,,,,,,,,,,,,,,,,,,,,,,,,,,,,,,,,,,,,,,,,,,,,,,,
/Users/xiaoyuhe/project-bestdagsolverintheworld/dagsolvers/metacentrum_runs/22245764.pbs-m1.metacentrum.cz/dagsolvers,149595722846520424,bc58b476f8f1412694390ac02f37ff01,bald-calf-86,3,FINISHED,1784248010754,1784249014348,1003.594,B,B4,METHOD_B4_TOP_5,5,2,11,200,closest_time,/Users/xiaoyuhe/project-bestdagsolverintheworld/dagsolvers/metacentrum_runs/22245764.pbs-m1.metacentrum.cz/dagsolvers/multirun/2026-07-17/02-10-05/1/config.yaml,/Users/xiaoyuhe/project-bestdagsolverintheworld/dagsolvers/metacentrum_runs/22245764.pbs-m1.metacentrum.cz/dagsolvers/mlruns/149595722846520424/bc58b476f8f1412694390ac02f37ff01,2,0,34.0,,,,,,-22.789124064393945,,,,,,,,,,,,,,,,,,,,,,,,,,,,,,,,,,,,,,,,,,,,,,,,,,,,,,,,,,,,,,,,,,,,,,,,,,,,,,,,,,,,,,,,,,,,,,,,,,,,,,,,,,,,,,,,,,,,,,,,,,,,,,,,,,,,,,,,,,,,,,,,,,,,,,,,,,,,,,,,,,,,,,,,,,,,,,,,,,,,,,,,,,,,,,,,,,,,,,,,,,,,,,,,,,,,,,,,,,,,,,,,,,,,,,,,,,,,,,,,,,,,,,,,,,,,,,,,,,,,,,,,,,,,,,,,,,,,,,,,,,,,,,,,,,,,
/Users/xiaoyuhe/project-bestdagsolverintheworld/dagsolvers/metacentrum_runs/22245764.pbs-m1.metacentrum.cz/dagsolvers,701627598480592090,0a718c8f8f514e388b1d25dc32e061c1,unleashed-stoat-821,3,FINISHED,1784249083932,1784250087313,1003.381,B,B5,METHOD_B5_TOP_5_DEDUP_CAP_5,5,2,11,200,closest_time,/Users/xiaoyuhe/project-bestdagsolverintheworld/dagsolvers/metacentrum_runs/22245764.pbs-m1.metacentrum.cz/dagsolvers/multirun/2026-07-17/02-44-42/1/.hydra/config.yaml,/Users/xiaoyuhe/project-bestdagsolverintheworld/dagsolvers/metacentrum_runs/22245764.pbs-m1.metacentrum.cz/dagsolvers/mlruns/701627598480592090/0a718c8f8f514e388b1d25dc32e061c1,0,0,,,,,,,,,,,,,,,,,,,,,,,,,,,,,,,,,,,,,,,,,,,,,,,,,,,,,,,,,,,,,,,,,,,,,,,,,,,,,,,,,,,,,,,,,,,,,,,,,,,,,,,,,,,,,,,,,,,,,,,,,,,,,,,,,,,,,,,,,,,,,,,,,,,,,,,,,,,,,,,,,,,,,,,,,,,,,,,,,,,,,,,,,,,,,,,,,,,,,,,,,,,,,,,,,,,,,,,,,,,,,,,,,,,,,,,,,,,,,,,,,,,,,,,,,,,,,,,,,,,,,,,,,,,,,,,,,,,,,,,,,,,,,,,,,,,,,,,,,,,
/Users/xiaoyuhe/project-bestdagsolverintheworld/dagsolvers/metacentrum_runs/22245764.pbs-m1.metacentrum.cz/dagsolvers,701627598480592090,b2274d8c4e524021bda10fa119ef9484,bald-calf-86,3,FINISHED,1784250087595,1784251090892,1003.297,B,B5,METHOD_B5_TOP_5_DEDUP_CAP_5,5,2,11,200,closest_time,/Users/xiaoyuhe/project-bestdagsolverintheworld/dagsolvers/metacentrum_runs/22245764.pbs-m1.metacentrum.cz/dagsolvers/multirun/2026-07-17/02-44-42/1/config.yaml,/Users/xiaoyuhe/project-bestdagsolverintheworld/dagsolvers/metacentrum_runs/22245764.pbs-m1.metacentrum.cz/dagsolvers/mlruns/701627598480592090/b2274d8c4e524021bda10fa119ef9484,0,0,,,,,,,,,,,,,,,,,,,,,,,,,,,,,,,,,,,,,,,,,,,,,,,,,,,,,,,,,,,,,,,,,,,,,,,,,,,,,,,,,,,,,,,,,,,,,,,,,,,,,,,,,,,,,,,,,,,,,,,,,,,,,,,,,,,,,,,,,,,,,,,,,,,,,,,,,,,,,,,,,,,,,,,,,,,,,,,,,,,,,,,,,,,,,,,,,,,,,,,,,,,,,,,,,,,,,,,,,,,,,,,,,,,,,,,,,,,,,,,,,,,,,,,,,,,,,,,,,,,,,,,,,,,,,,,,,,,,,,,,,,,,,,,,,,,,,,,,,,,
/Users/xiaoyuhe/project-bestdagsolverintheworld/dagsolvers/metacentrum_runs/22245764.pbs-m1.metacentrum.cz/dagsolvers,739544698410183707,892058eed9684bd78ff001dc9fa81e02,unleashed-stoat-821,3,FINISHED,1784251162029,1784252164451,1002.422,C,C1,METHOD_C1_NO_REPAIR,5,2,11,200,closest_time,/Users/xiaoyuhe/project-bestdagsolverintheworld/dagsolvers/metacentrum_runs/22245764.pbs-m1.metacentrum.cz/dagsolvers/multirun/2026-07-17/03-19-20/1/.hydra/config.yaml,/Users/xiaoyuhe/project-bestdagsolverintheworld/dagsolvers/metacentrum_runs/22245764.pbs-m1.metacentrum.cz/dagsolvers/mlruns/739544698410183707/892058eed9684bd78ff001dc9fa81e02,1,0,34.0,,,,,,,,,,,,,,,,,,,,,,,,,,,,,,,,,,,,,,,,,,,,,,,,,,,,,,,,,,,,,,,,,,,,,,,,,,,,,,,,,,,,,,,,,,,,,,,,,,,,,,,,,,,,,,,,,,,,,,,,,,,,,,,,,,,,,,,,,,,,,,,,,,,,,,,,,,,,,,,,,,,,,,,,,,,,,,,,,,,,,,,,,,,,,,,,,,,,,,,,,,,,,,,,,,,,,,,,,,,,,,,,,,,,,,,,,,,,,,,,,,,,,,,,,,,,,,,,,,,,,,,,,,,,,,,,,,,,,,,,,,,,,,,,,,,,,,,,,,
/Users/xiaoyuhe/project-bestdagsolverintheworld/dagsolvers/metacentrum_runs/22245764.pbs-m1.metacentrum.cz/dagsolvers,739544698410183707,6f924a0403434c5b9ee019bf505bac79,bald-calf-86,3,FINISHED,1784252164761,1784253167812,1003.051,C,C1,METHOD_C1_NO_REPAIR,5,2,11,200,closest_time,/Users/xiaoyuhe/project-bestdagsolverintheworld/dagsolvers/metacentrum_runs/22245764.pbs-m1.metacentrum.cz/dagsolvers/multirun/2026-07-17/03-19-20/1/config.yaml,/Users/xiaoyuhe/project-bestdagsolverintheworld/dagsolvers/metacentrum_runs/22245764.pbs-m1.metacentrum.cz/dagsolvers/mlruns/739544698410183707/6f924a0403434c5b9ee019bf505bac79,0,0,,,,,,,,,,,,,,,,,,,,,,,,,,,,,,,,,,,,,,,,,,,,,,,,,,,,,,,,,,,,,,,,,,,,,,,,,,,,,,,,,,,,,,,,,,,,,,,,,,,,,,,,,,,,,,,,,,,,,,,,,,,,,,,,,,,,,,,,,,,,,,,,,,,,,,,,,,,,,,,,,,,,,,,,,,,,,,,,,,,,,,,,,,,,,,,,,,,,,,,,,,,,,,,,,,,,,,,,,,,,,,,,,,,,,,,,,,,,,,,,,,,,,,,,,,,,,,,,,,,,,,,,,,,,,,,,,,,,,,,,,,,,,,,,,,,,,,,,,,,
/Users/xiaoyuhe/project-bestdagsolverintheworld/dagsolvers/metacentrum_runs/22245764.pbs-m1.metacentrum.cz/dagsolvers,219228683594664256,42ce44ea22ab4e6bbef3d9536e26afbd,unleashed-stoat-821,3,FINISHED,1784253238525,1784254241632,1003.107,C,C2,METHOD_C2_GREEDY_EDGE_DELETION,5,1,11,200,closest_time,/Users/xiaoyuhe/project-bestdagsolverintheworld/dagsolvers/metacentrum_runs/22245764.pbs-m1.metacentrum.cz/dagsolvers/multirun/2026-07-17/03-53-57/0/.hydra/config.yaml,/Users/xiaoyuhe/project-bestdagsolverintheworld/dagsolvers/metacentrum_runs/22245764.pbs-m1.metacentrum.cz/dagsolvers/mlruns/219228683594664256/42ce44ea22ab4e6bbef3d9536e26afbd,217,82,34.0,0.923076923076923,4.0,1.0,0.03225806451612903,0.8529411764705882,16.073478401221564,31.0,2.9216540618185367,0.967741935483871,3.5,0.0,3.5,0.4661818302472956,0.8823529411764706,30.0,0.0,0.0,0.0,0.0,0.0,0.0,0.0,0.0,0.0,0.0,0.0,0.0,0.0,0.0,0.0,0.0,0.0,0.0,0.0,0.0,0.0,0.0,0.0,0.0,0.0,0.0,0.0,0.0,0.0,0.0,0.0,0.0,0.0,0.0,0.0,0.0,0.0,0.0,0.0,0.0,0.0,0.0,0.0,0.0,0.0,0.0,0.0,0.0,0.0,0.0,0.0,0.0,0.0,0.0,0.0,0.0,0.0,0.0,0.0,0.0,0.0,0.0,0.0,0.0,0.0,42.0,0.0,464.0,11.0,34.0,0.923076923076923,4.0,1.0,0.03225806451612903,0.8529411764705882,31.0,0.967741935483871,3.5,0.0,3.5,0.8823529411764706,30.0,34.0,0.923076923076923,4.0,1.0,0.03225806451612903,0.8529411764705882,31.0,0.967741935483871,3.5,0.0,3.5,0.8823529411764706,30.0,34.0,0.923076923076923,4.0,1.0,0.03225806451612903,0.8529411764705882,31.0,0.967741935483871,3.5,0.0,3.5,0.8823529411764706,30.0,34.0,0.923076923076923,4.0,1.0,0.03225806451612903,0.8529411764705882,31.0,0.967741935483871,3.5,0.0,3.5,0.8823529411764706,30.0,34.0,0.9375,4.0,0.0,0.0,0.8823529411764706,30.0,1.0,4.0,0.0,4.0,0.8823529411764706,30.0,506.0,0.116199100693322,200.0,0.0,1002.5043251514435,34.0,0.923076923076923,4.0,1.0,0.03225806451612903,0.8529411764705882,16.073478401221564,31.0,2.9216540618185367,0.967741935483871,3.5,0.0,3.5,0.8823529411764706,30.0,34.0,0.923076923076923,4.0,1.0,0.03225806451612903,0.8529411764705882,16.073478401221564,31.0,2.9216540618185367,0.967741935483871,3.5,0.0,3.5,0.8823529411764706,30.0,34.0,0.923076923076923,4.0,1.0,0.03225806451612903,0.8529411764705882,16.073478401221564,31.0,2.9216540618185367,0.967741935483871,3.5,0.0,3.5,0.8823529411764706,30.0,34.0,0.9375,4.0,0.0,0.0,0.8823529411764706,373.4937105893764,30.0,2.8842220715624576,1.0,4.0,0.0,4.0,0.8823529411764706,30.0,2246.4953001128347,1.0,5,5,,5,notears,er,5,False,5,cliquefree_er,1.0,None,False,200,11,0,1,gauss,1.1,0.4,2,0.2,0.5,l1,scalar,all_cycles,all_cliques,0.1,5,weights,5,True,True,False,2,2,10.0,10000000000.0,1.01,True,True,False,True,10,True,1e-06,0,1,none,1.0,1.0,l2,0,5,0.8,0,repair_incumbent,C2,repair_incumbent,5,10,0.001,True,False,False,l1,repair_cut_cache,False,violation_loss,1.0,2,auto,0.001,1.0,False,20,cycle_first,False,0.01,1000,100.0,elmo3-3.hw.elixir-czech.cz
/Users/xiaoyuhe/project-bestdagsolverintheworld/dagsolvers/metacentrum_runs/22245764.pbs-m1.metacentrum.cz/dagsolvers,219228683594664256,c20951cb1cd441deba7362d7004e6ee6,bald-calf-86,3,FINISHED,1784254241912,1784255245393,1003.481,C,C2,METHOD_C2_GREEDY_EDGE_DELETION,5,2,11,200,closest_time,/Users/xiaoyuhe/project-bestdagsolverintheworld/dagsolvers/metacentrum_runs/22245764.pbs-m1.metacentrum.cz/dagsolvers/multirun/2026-07-17/03-53-57/1/.hydra/config.yaml,/Users/xiaoyuhe/project-bestdagsolverintheworld/dagsolvers/metacentrum_runs/22245764.pbs-m1.metacentrum.cz/dagsolvers/mlruns/219228683594664256/c20951cb1cd441deba7362d7004e6ee6,217,82,34.0,0.9696969696969697,2.0,0.0,0.0,0.9411764705882353,-22.789033376516272,32.0,2.6166175158764116,1.0,2.0,0.0,2.0,0.4973614711892263,0.9411764705882353,32.0,0.0,0.0,0.0,0.0,0.0,0.0,0.0,0.0,0.0,0.0,0.0,0.0,0.0,0.0,0.0,0.0,0.0,0.0,0.0,0.0,0.0,0.0,0.0,0.0,0.0,0.0,0.0,0.0,0.0,0.0,0.0,0.0,0.0,0.0,0.0,0.0,0.0,0.0,0.0,0.0,0.0,0.0,0.0,0.0,0.0,0.0,0.0,0.0,0.0,0.0,0.0,0.0,0.0,0.0,0.0,0.0,0.0,0.0,0.0,0.0,0.0,0.0,0.0,0.0,0.0,13.0,0.0,198.0,11.0,34.0,0.9696969696969697,2.0,0.0,0.0,0.9411764705882353,32.0,1.0,2.0,0.0,2.0,0.9411764705882353,32.0,34.0,0.9696969696969697,2.0,0.0,0.0,0.9411764705882353,32.0,1.0,2.0,0.0,2.0,0.9411764705882353,32.0,34.0,0.9696969696969697,2.0,0.0,0.0,0.9411764705882353,32.0,1.0,2.0,0.0,2.0,0.9411764705882353,32.0,34.0,0.9696969696969697,2.0,0.0,0.0,0.9411764705882353,32.0,1.0,2.0,0.0,2.0,0.9411764705882353,32.0,34.0,0.9538461538461539,3.0,0.0,0.0,0.9117647058823529,31.0,1.0,3.0,0.0,3.0,0.9117647058823529,31.0,211.0,0.12112265469877091,200.0,0.0,1002.9110865592957,34.0,0.9696969696969697,2.0,0.0,0.0,0.9411764705882353,-22.789033376516272,32.0,2.6166175158764116,1.0,2.0,0.0,2.0,0.9411764705882353,32.0,34.0,0.9696969696969697,2.0,0.0,0.0,0.9411764705882353,-22.789033376516272,32.0,2.6166175158764116,1.0,2.0,0.0,2.0,0.9411764705882353,32.0,34.0,0.9696969696969697,2.0,0.0,0.0,0.9411764705882353,-22.789033376516272,32.0,2.6166175158764116,1.0,2.0,0.0,2.0,0.9411764705882353,32.0,34.0,0.9538461538461539,3.0,0.0,0.0,0.9117647058823529,180.8528536779604,31.0,2.684463830416005,1.0,3.0,0.0,3.0,0.9117647058823529,31.0,2219.111896724417,1.0,5,5,,5,notears,er,5,False,5,cliquefree_er,1.0,None,False,200,11,0,2,gauss,1.1,0.4,2,0.2,0.5,l1,scalar,all_cycles,all_cliques,0.1,5,weights,5,True,True,False,2,2,10.0,10000000000.0,1.01,True,True,False,True,10,True,1e-06,0,1,none,1.0,1.0,l2,0,5,0.8,0,repair_incumbent,C2,repair_incumbent,5,10,0.001,True,False,False,l1,repair_cut_cache,False,violation_loss,1.0,2,auto,0.001,1.0,False,20,cycle_first,False,0.01,1000,100.0,elmo3-3.hw.elixir-czech.cz
/Users/xiaoyuhe/project-bestdagsolverintheworld/dagsolvers/metacentrum_runs/22245764.pbs-m1.metacentrum.cz/dagsolvers,570211840724279722,cc792f0e4c634db680f8e98b12c4a1a2,unleashed-stoat-821,3,FINISHED,1784255316577,1784256319765,1003.188,C,C3,METHOD_C3_LOCAL_LEAST_SQUARES_QR,5,2,11,200,closest_time,/Users/xiaoyuhe/project-bestdagsolverintheworld/dagsolvers/metacentrum_runs/22245764.pbs-m1.metacentrum.cz/dagsolvers/multirun/2026-07-17/04-28-35/1/.hydra/config.yaml,/Users/xiaoyuhe/project-bestdagsolverintheworld/dagsolvers/metacentrum_runs/22245764.pbs-m1.metacentrum.cz/dagsolvers/mlruns/570211840724279722/cc792f0e4c634db680f8e98b12c4a1a2,0,0,,,,,,,,,,,,,,,,,,,,,,,,,,,,,,,,,,,,,,,,,,,,,,,,,,,,,,,,,,,,,,,,,,,,,,,,,,,,,,,,,,,,,,,,,,,,,,,,,,,,,,,,,,,,,,,,,,,,,,,,,,,,,,,,,,,,,,,,,,,,,,,,,,,,,,,,,,,,,,,,,,,,,,,,,,,,,,,,,,,,,,,,,,,,,,,,,,,,,,,,,,,,,,,,,,,,,,,,,,,,,,,,,,,,,,,,,,,,,,,,,,,,,,,,,,,,,,,,,,,,,,,,,,,,,,,,,,,,,,,,,,,,,,,,,,,,,,,,,,,
/Users/xiaoyuhe/project-bestdagsolverintheworld/dagsolvers/metacentrum_runs/22245764.pbs-m1.metacentrum.cz/dagsolvers,570211840724279722,74947b195a374e4cbdf0e36500c7a697,bald-calf-86,3,FINISHED,1784256320047,1784257323004,1002.957,C,C3,METHOD_C3_LOCAL_LEAST_SQUARES_QR,5,2,11,200,closest_time,/Users/xiaoyuhe/project-bestdagsolverintheworld/dagsolvers/metacentrum_runs/22245764.pbs-m1.metacentrum.cz/dagsolvers/multirun/2026-07-17/04-28-35/1/config.yaml,/Users/xiaoyuhe/project-bestdagsolverintheworld/dagsolvers/metacentrum_runs/22245764.pbs-m1.metacentrum.cz/dagsolvers/mlruns/570211840724279722/74947b195a374e4cbdf0e36500c7a697,0,0,,,,,,,,,,,,,,,,,,,,,,,,,,,,,,,,,,,,,,,,,,,,,,,,,,,,,,,,,,,,,,,,,,,,,,,,,,,,,,,,,,,,,,,,,,,,,,,,,,,,,,,,,,,,,,,,,,,,,,,,,,,,,,,,,,,,,,,,,,,,,,,,,,,,,,,,,,,,,,,,,,,,,,,,,,,,,,,,,,,,,,,,,,,,,,,,,,,,,,,,,,,,,,,,,,,,,,,,,,,,,,,,,,,,,,,,,,,,,,,,,,,,,,,,,,,,,,,,,,,,,,,,,,,,,,,,,,,,,,,,,,,,,,,,,,,,,,,,,,,
/Users/xiaoyuhe/project-bestdagsolverintheworld/dagsolvers/metacentrum_runs/22245764.pbs-m1.metacentrum.cz/dagsolvers,876092188334435645,cd2cac16efa742bd9119e5f079cb021b,unleashed-stoat-821,3,FINISHED,1784257392274,1784258395529,1003.255,C,C4,METHOD_C4_LOCAL_RIDGE_CBSETSOLUTION,5,2,11,200,closest_time,/Users/xiaoyuhe/project-bestdagsolverintheworld/dagsolvers/metacentrum_runs/22245764.pbs-m1.metacentrum.cz/dagsolvers/multirun/2026-07-17/05-03-10/1/.hydra/config.yaml,/Users/xiaoyuhe/project-bestdagsolverintheworld/dagsolvers/metacentrum_runs/22245764.pbs-m1.metacentrum.cz/dagsolvers/mlruns/876092188334435645/cd2cac16efa742bd9119e5f079cb021b,0,0,,,,,,,,,,,,,,,,,,,,,,,,,,,,,,,,,,,,,,,,,,,,,,,,,,,,,,,,,,,,,,,,,,,,,,,,,,,,,,,,,,,,,,,,,,,,,,,,,,,,,,,,,,,,,,,,,,,,,,,,,,,,,,,,,,,,,,,,,,,,,,,,,,,,,,,,,,,,,,,,,,,,,,,,,,,,,,,,,,,,,,,,,,,,,,,,,,,,,,,,,,,,,,,,,,,,,,,,,,,,,,,,,,,,,,,,,,,,,,,,,,,,,,,,,,,,,,,,,,,,,,,,,,,,,,,,,,,,,,,,,,,,,,,,,,,,,,,,,,,
/Users/xiaoyuhe/project-bestdagsolverintheworld/dagsolvers/metacentrum_runs/22245764.pbs-m1.metacentrum.cz/dagsolvers,876092188334435645,5e2c0e5a41924e99a0ef64bfef9b56b0,bald-calf-86,3,FINISHED,1784258395806,1784259399430,1003.624,C,C4,METHOD_C4_LOCAL_RIDGE_CBSETSOLUTION,5,2,11,200,closest_time,/Users/xiaoyuhe/project-bestdagsolverintheworld/dagsolvers/metacentrum_runs/22245764.pbs-m1.metacentrum.cz/dagsolvers/multirun/2026-07-17/05-03-10/1/config.yaml,/Users/xiaoyuhe/project-bestdagsolverintheworld/dagsolvers/metacentrum_runs/22245764.pbs-m1.metacentrum.cz/dagsolvers/mlruns/876092188334435645/5e2c0e5a41924e99a0ef64bfef9b56b0,0,0,,,,,,,,,,,,,,,,,,,,,,,,,,,,,,,,,,,,,,,,,,,,,,,,,,,,,,,,,,,,,,,,,,,,,,,,,,,,,,,,,,,,,,,,,,,,,,,,,,,,,,,,,,,,,,,,,,,,,,,,,,,,,,,,,,,,,,,,,,,,,,,,,,,,,,,,,,,,,,,,,,,,,,,,,,,,,,,,,,,,,,,,,,,,,,,,,,,,,,,,,,,,,,,,,,,,,,,,,,,,,,,,,,,,,,,,,,,,,,,,,,,,,,,,,,,,,,,,,,,,,,,,,,,,,,,,,,,,,,,,,,,,,,,,,,,,,,,,,,,
/Users/xiaoyuhe/project-bestdagsolverintheworld/dagsolvers/metacentrum_runs/22245764.pbs-m1.metacentrum.cz/dagsolvers,936984276233349098,a71f34adff3e4f7380e8fe2df68f23f6,unleashed-stoat-821,3,FINISHED,1784259471088,1784260474687,1003.599,C,C5,METHOD_C5_HISTORY_GUIDED_REPAIR,5,2,11,200,closest_time,/Users/xiaoyuhe/project-bestdagsolverintheworld/dagsolvers/metacentrum_runs/22245764.pbs-m1.metacentrum.cz/dagsolvers/multirun/2026-07-17/05-37-49/1/.hydra/config.yaml,/Users/xiaoyuhe/project-bestdagsolverintheworld/dagsolvers/metacentrum_runs/22245764.pbs-m1.metacentrum.cz/dagsolvers/mlruns/936984276233349098/a71f34adff3e4f7380e8fe2df68f23f6,0,3,,,,,,,,,,,,,,,,,,,,,,,,,,,,,,,,,,,,,,,,,,,,,,,,,,,,,,,,,,,,,,,,,,,,,,,,,,,,,,,,,,,,,,,,,,,,,,,,,,,,,,,,,,,,,,,,,,,,,,,,,,,,,,,,,,,,,,,,,,,,,,,,,,,,,,,,,,,,,,,,,,,,,,,,,,,,,,,,,,,,,,,,,,,,,,,,,,,,,,,,,,,,,,,,,,,,,,,,,,,,,,,,,,,,,,,,,,,,,,,,,,,,,,,,,,,,,,,,,,,,,,,,,,,,,,,,,,,,,,,,,,,,,,,,,,,,,,,,0.01,1000,100.0,
/Users/xiaoyuhe/project-bestdagsolverintheworld/dagsolvers/metacentrum_runs/22245764.pbs-m1.metacentrum.cz/dagsolvers,936984276233349098,74be5b296feb4f75a2cc0ac62d66518a,bald-calf-86,3,FINISHED,1784260474978,1784261478564,1003.586,C,C5,METHOD_C5_HISTORY_GUIDED_REPAIR,5,2,11,200,closest_time,/Users/xiaoyuhe/project-bestdagsolverintheworld/dagsolvers/metacentrum_runs/22245764.pbs-m1.metacentrum.cz/dagsolvers/multirun/2026-07-17/05-37-49/1/config.yaml,/Users/xiaoyuhe/project-bestdagsolverintheworld/dagsolvers/metacentrum_runs/22245764.pbs-m1.metacentrum.cz/dagsolvers/mlruns/936984276233349098/74be5b296feb4f75a2cc0ac62d66518a,0,0,,,,,,,,,,,,,,,,,,,,,,,,,,,,,,,,,,,,,,,,,,,,,,,,,,,,,,,,,,,,,,,,,,,,,,,,,,,,,,,,,,,,,,,,,,,,,,,,,,,,,,,,,,,,,,,,,,,,,,,,,,,,,,,,,,,,,,,,,,,,,,,,,,,,,,,,,,,,,,,,,,,,,,,,,,,,,,,,,,,,,,,,,,,,,,,,,,,,,,,,,,,,,,,,,,,,,,,,,,,,,,,,,,,,,,,,,,,,,,,,,,,,,,,,,,,,,,,,,,,,,,,,,,,,,,,,,,,,,,,,,,,,,,,,,,,,,,,,,,,
/Users/xiaoyuhe/project-bestdagsolverintheworld/dagsolvers/metacentrum_runs/22245764.pbs-m1.metacentrum.cz/dagsolvers,594181835179663479,6ffa874f94cd469dbac9852a17d4c9de,unleashed-stoat-821,3,FINISHED,1784261551043,1784261612554,61.511,C,C6,METHOD_C6_BUILD_VALID_CUT_CACHE,5,2,11,200,closest_time,/Users/xiaoyuhe/project-bestdagsolverintheworld/dagsolvers/metacentrum_runs/22245764.pbs-m1.metacentrum.cz/dagsolvers/multirun/2026-07-17/06-12-29/1/.hydra/config.yaml,/Users/xiaoyuhe/project-bestdagsolverintheworld/dagsolvers/metacentrum_runs/22245764.pbs-m1.metacentrum.cz/dagsolvers/mlruns/594181835179663479/6ffa874f94cd469dbac9852a17d4c9de,0,0,,,,,,,,,,,,,,,,,,,,,,,,,,,,,,,,,,,,,,,,,,,,,,,,,,,,,,,,,,,,,,,,,,,,,,,,,,,,,,,,,,,,,,,,,,,,,,,,,,,,,,,,,,,,,,,,,,,,,,,,,,,,,,,,,,,,,,,,,,,,,,,,,,,,,,,,,,,,,,,,,,,,,,,,,,,,,,,,,,,,,,,,,,,,,,,,,,,,,,,,,,,,,,,,,,,,,,,,,,,,,,,,,,,,,,,,,,,,,,,,,,,,,,,,,,,,,,,,,,,,,,,,,,,,,,,,,,,,,,,,,,,,,,,,,,,,,,,,,,,
/Users/xiaoyuhe/project-bestdagsolverintheworld/dagsolvers/metacentrum_runs/22245764.pbs-m1.metacentrum.cz/dagsolvers,594181835179663479,a073a116180c4b0497d02f3559de7b13,bald-calf-86,3,FINISHED,1784261612787,1784261674021,61.234,C,C6,METHOD_C6_BUILD_VALID_CUT_CACHE,5,2,11,200,closest_time,/Users/xiaoyuhe/project-bestdagsolverintheworld/dagsolvers/metacentrum_runs/22245764.pbs-m1.metacentrum.cz/dagsolvers/multirun/2026-07-17/06-12-29/1/config.yaml,/Users/xiaoyuhe/project-bestdagsolverintheworld/dagsolvers/metacentrum_runs/22245764.pbs-m1.metacentrum.cz/dagsolvers/mlruns/594181835179663479/a073a116180c4b0497d02f3559de7b13,1,0,34.0,,,,,,,,,,,,,,,,,,,,,,,,,,,,,,,,,,,,,,,,,,,,,,,,,,,,,,,,,,,,,,,,,,,,,,,,,,,,,,,,,,,,,,,,,,,,,,,,,,,,,,,,,,,,,,,,,,,,,,,,,,,,,,,,,,,,,,,,,,,,,,,,,,,,,,,,,,,,,,,,,,,,,,,,,,,,,,,,,,,,,,,,,,,,,,,,,,,,,,,,,,,,,,,,,,,,,,,,,,,,,,,,,,,,,,,,,,,,,,,,,,,,,,,,,,,,,,,,,,,,,,,,,,,,,,,,,,,,,,,,,,,,,,,,,,,,,,,,,,
/Users/xiaoyuhe/project-bestdagsolverintheworld/dagsolvers/metacentrum_runs/22245764.pbs-m1.metacentrum.cz/dagsolvers,561926117338022446,9ed7adc8a38c4f7089e6dba222485505,unleashed-stoat-821,3,FINISHED,1784261745875,1784262748475,1002.6,C,C6,METHOD_C6_REUSE_VALID_CUT_CACHE,5,2,11,200,closest_time,/Users/xiaoyuhe/project-bestdagsolverintheworld/dagsolvers/metacentrum_runs/22245764.pbs-m1.metacentrum.cz/dagsolvers/multirun/2026-07-17/06-15-44/1/.hydra/config.yaml,/Users/xiaoyuhe/project-bestdagsolverintheworld/dagsolvers/metacentrum_runs/22245764.pbs-m1.metacentrum.cz/dagsolvers/mlruns/561926117338022446/9ed7adc8a38c4f7089e6dba222485505,0,0,,,,,,,,,,,,,,,,,,,,,,,,,,,,,,,,,,,,,,,,,,,,,,,,,,,,,,,,,,,,,,,,,,,,,,,,,,,,,,,,,,,,,,,,,,,,,,,,,,,,,,,,,,,,,,,,,,,,,,,,,,,,,,,,,,,,,,,,,,,,,,,,,,,,,,,,,,,,,,,,,,,,,,,,,,,,,,,,,,,,,,,,,,,,,,,,,,,,,,,,,,,,,,,,,,,,,,,,,,,,,,,,,,,,,,,,,,,,,,,,,,,,,,,,,,,,,,,,,,,,,,,,,,,,,,,,,,,,,,,,,,,,,,,,,,,,,,,,,,,
/Users/xiaoyuhe/project-bestdagsolverintheworld/dagsolvers/metacentrum_runs/22245764.pbs-m1.metacentrum.cz/dagsolvers,561926117338022446,323948498e054a049f9a2bb1c7444a4a,bald-calf-86,3,FINISHED,1784262748756,1784263751677,1002.921,C,C6,METHOD_C6_REUSE_VALID_CUT_CACHE,5,2,11,200,closest_time,/Users/xiaoyuhe/project-bestdagsolverintheworld/dagsolvers/metacentrum_runs/22245764.pbs-m1.metacentrum.cz/dagsolvers/multirun/2026-07-17/06-15-44/1/config.yaml,/Users/xiaoyuhe/project-bestdagsolverintheworld/dagsolvers/metacentrum_runs/22245764.pbs-m1.metacentrum.cz/dagsolvers/mlruns/561926117338022446/323948498e054a049f9a2bb1c7444a4a,0,0,,,,,,,,,,,,,,,,,,,,,,,,,,,,,,,,,,,,,,,,,,,,,,,,,,,,,,,,,,,,,,,,,,,,,,,,,,,,,,,,,,,,,,,,,,,,,,,,,,,,,,,,,,,,,,,,,,,,,,,,,,,,,,,,,,,,,,,,,,,,,,,,,,,,,,,,,,,,,,,,,,,,,,,,,,,,,,,,,,,,,,,,,,,,,,,,,,,,,,,,,,,,,,,,,,,,,,,,,,,,,,,,,,,,,,,,,,,,,,,,,,,,,,,,,,,,,,,,,,,,,,,,,,,,,,,,,,,,,,,,,,,,,,,,,,,,,,,,,,,
/Users/xiaoyuhe/project-bestdagsolverintheworld/dagsolvers/metacentrum_runs/22245764.pbs-m1.metacentrum.cz/dagsolvers,418235547073888064,8a7b72358681427bab407520be864a17,unleashed-stoat-821,3,FINISHED,1784263821061,1784264824391,1003.33,D,D1,METHOD_D1_NO_FRACTIONAL,5,1,11,200,closest_time,/Users/xiaoyuhe/project-bestdagsolverintheworld/dagsolvers/metacentrum_runs/22245764.pbs-m1.metacentrum.cz/dagsolvers/multirun/2026-07-17/06-50-19/0/.hydra/config.yaml,/Users/xiaoyuhe/project-bestdagsolverintheworld/dagsolvers/metacentrum_runs/22245764.pbs-m1.metacentrum.cz/dagsolvers/mlruns/418235547073888064/8a7b72358681427bab407520be864a17,217,75,34.0,0.923076923076923,4.0,1.0,0.03225806451612903,0.8529411764705882,16.073478401223838,31.0,2.921654061818278,0.967741935483871,3.5,0.0,3.5,0.4661818302472956,0.8823529411764706,30.0,0.0,0.0,0.0,0.0,0.0,0.0,0.0,0.0,0.0,0.0,0.0,0.0,0.0,0.0,0.0,0.0,0.0,0.0,0.0,0.0,0.0,0.0,0.0,0.0,0.0,0.0,0.0,0.0,0.0,0.0,0.0,0.0,0.0,0.0,0.0,0.0,0.0,0.0,0.0,0.0,0.0,0.0,0.0,0.0,0.0,0.0,0.0,0.0,0.0,0.0,0.0,0.0,0.0,0.0,0.0,0.0,0.0,0.0,0.0,0.0,0.0,0.0,0.0,0.0,0.0,26.0,0.0,399.0,11.0,34.0,0.923076923076923,4.0,1.0,0.03225806451612903,0.8529411764705882,31.0,0.967741935483871,3.5,0.0,3.5,0.8823529411764706,30.0,34.0,0.923076923076923,4.0,1.0,0.03225806451612903,0.8529411764705882,31.0,0.967741935483871,3.5,0.0,3.5,0.8823529411764706,30.0,34.0,0.923076923076923,4.0,1.0,0.03225806451612903,0.8529411764705882,31.0,0.967741935483871,3.5,0.0,3.5,0.8823529411764706,30.0,34.0,0.923076923076923,4.0,1.0,0.03225806451612903,0.8529411764705882,31.0,0.967741935483871,3.5,0.0,3.5,0.8823529411764706,30.0,34.0,0.9375,4.0,0.0,0.0,0.8823529411764706,30.0,1.0,4.0,0.0,4.0,0.8823529411764706,30.0,425.0,0.10819094224867702,200.0,0.0,1002.6812655925751,34.0,0.923076923076923,4.0,1.0,0.03225806451612903,0.8529411764705882,16.073478401223838,31.0,2.921654061818278,0.967741935483871,3.5,0.0,3.5,0.8823529411764706,30.0,34.0,0.923076923076923,4.0,1.0,0.03225806451612903,0.8529411764705882,16.073478401223838,31.0,2.921654061818278,0.967741935483871,3.5,0.0,3.5,0.8823529411764706,30.0,34.0,0.923076923076923,4.0,1.0,0.03225806451612903,0.8529411764705882,16.073478401223838,31.0,2.921654061818278,0.967741935483871,3.5,0.0,3.5,0.8823529411764706,30.0,34.0,0.9375,4.0,0.0,0.0,0.8823529411764706,373.4937105893773,30.0,2.8842220715621956,1.0,4.0,0.0,4.0,0.8823529411764706,30.0,2246.4953001128347,1.0,5,5,,5,notears,er,5,False,5,cliquefree_er,1.0,None,False,200,11,0,1,gauss,1.1,0.4,2,0.2,0.5,l1,scalar,all_cycles,all_cliques,0.1,5,weights,5,True,True,False,2,2,10.0,10000000000.0,1.01,True,True,False,True,10,True,1e-06,0,1,none,1.0,1.0,l2,0,5,0.8,0,fractional_separation,D1,fractional_separation,5,10,0.001,True,False,False,l1,,,,,,,0.001,,False,20,cycle_first,False,0.01,1000,100.0,elmo3-3.hw.elixir-czech.cz
/Users/xiaoyuhe/project-bestdagsolverintheworld/dagsolvers/metacentrum_runs/22245764.pbs-m1.metacentrum.cz/dagsolvers,418235547073888064,07ac132a04b743cca511b07eb175ecb6,bald-calf-86,3,FINISHED,1784264824668,1784265828040,1003.372,D,D1,METHOD_D1_NO_FRACTIONAL,5,2,11,200,closest_time,/Users/xiaoyuhe/project-bestdagsolverintheworld/dagsolvers/metacentrum_runs/22245764.pbs-m1.metacentrum.cz/dagsolvers/multirun/2026-07-17/06-50-19/1/.hydra/config.yaml,/Users/xiaoyuhe/project-bestdagsolverintheworld/dagsolvers/metacentrum_runs/22245764.pbs-m1.metacentrum.cz/dagsolvers/mlruns/418235547073888064/07ac132a04b743cca511b07eb175ecb6,217,75,34.0,0.9696969696969697,2.0,0.0,0.0,0.9411764705882353,-22.789124064393945,32.0,2.6166197935844875,1.0,2.0,0.0,2.0,0.4973614711892261,0.9411764705882353,32.0,0.0,0.0,0.0,0.0,0.0,0.0,0.0,0.0,0.0,0.0,0.0,0.0,0.0,0.0,0.0,0.0,0.0,0.0,0.0,0.0,0.0,0.0,0.0,0.0,0.0,0.0,0.0,0.0,0.0,0.0,0.0,0.0,0.0,0.0,0.0,0.0,0.0,0.0,0.0,0.0,0.0,0.0,0.0,0.0,0.0,0.0,0.0,0.0,0.0,0.0,0.0,0.0,0.0,0.0,0.0,0.0,0.0,0.0,0.0,0.0,0.0,0.0,0.0,0.0,0.0,14.0,0.0,233.0,11.0,34.0,0.9696969696969697,2.0,0.0,0.0,0.9411764705882353,32.0,1.0,2.0,0.0,2.0,0.9411764705882353,32.0,34.0,0.9696969696969697,2.0,0.0,0.0,0.9411764705882353,32.0,1.0,2.0,0.0,2.0,0.9411764705882353,32.0,34.0,0.9696969696969697,2.0,0.0,0.0,0.9411764705882353,32.0,1.0,2.0,0.0,2.0,0.9411764705882353,32.0,34.0,0.9696969696969697,2.0,0.0,0.0,0.9411764705882353,32.0,1.0,2.0,0.0,2.0,0.9411764705882353,32.0,34.0,0.9538461538461539,3.0,0.0,0.0,0.9117647058823529,31.0,1.0,3.0,0.0,3.0,0.9117647058823529,31.0,247.0,0.12504522217496336,200.0,0.0,1002.8265690803528,34.0,0.9696969696969697,2.0,0.0,0.0,0.9411764705882353,-22.789124064393945,32.0,2.6166197935844875,1.0,2.0,0.0,2.0,0.9411764705882353,32.0,34.0,0.9696969696969697,2.0,0.0,0.0,0.9411764705882353,-22.789124064393945,32.0,2.6166197935844875,1.0,2.0,0.0,2.0,0.9411764705882353,32.0,34.0,0.9696969696969697,2.0,0.0,0.0,0.9411764705882353,-22.789124064393945,32.0,2.6166197935844875,1.0,2.0,0.0,2.0,0.9411764705882353,32.0,34.0,0.9538461538461539,3.0,0.0,0.0,0.9117647058823529,180.85276299008228,31.0,2.6844660505580347,1.0,3.0,0.0,3.0,0.9117647058823529,31.0,2219.111896724417,1.0,5,5,,5,notears,er,5,False,5,cliquefree_er,1.0,None,False,200,11,0,2,gauss,1.1,0.4,2,0.2,0.5,l1,scalar,all_cycles,all_cliques,0.1,5,weights,5,True,True,False,2,2,10.0,10000000000.0,1.01,True,True,False,True,10,True,1e-06,0,1,none,1.0,1.0,l2,0,5,0.8,0,fractional_separation,D1,fractional_separation,5,10,0.001,True,False,False,l1,,,,,,,0.001,,False,20,cycle_first,False,0.01,1000,100.0,elmo3-3.hw.elixir-czech.cz
/Users/xiaoyuhe/project-bestdagsolverintheworld/dagsolvers/metacentrum_runs/22245764.pbs-m1.metacentrum.cz/dagsolvers,850821376491870186,f62a080e76254ada937c9eca84286c40,unleashed-stoat-821,3,FINISHED,1784265899308,1784266902701,1003.393,D,D2,METHOD_D2_ROOT_EXHAUSTIVE,5,2,11,200,closest_time,/Users/xiaoyuhe/project-bestdagsolverintheworld/dagsolvers/metacentrum_runs/22245764.pbs-m1.metacentrum.cz/dagsolvers/multirun/2026-07-17/07-24-57/1/.hydra/config.yaml,/Users/xiaoyuhe/project-bestdagsolverintheworld/dagsolvers/metacentrum_runs/22245764.pbs-m1.metacentrum.cz/dagsolvers/mlruns/850821376491870186/f62a080e76254ada937c9eca84286c40,0,0,,,,,,,,,,,,,,,,,,,,,,,,,,,,,,,,,,,,,,,,,,,,,,,,,,,,,,,,,,,,,,,,,,,,,,,,,,,,,,,,,,,,,,,,,,,,,,,,,,,,,,,,,,,,,,,,,,,,,,,,,,,,,,,,,,,,,,,,,,,,,,,,,,,,,,,,,,,,,,,,,,,,,,,,,,,,,,,,,,,,,,,,,,,,,,,,,,,,,,,,,,,,,,,,,,,,,,,,,,,,,,,,,,,,,,,,,,,,,,,,,,,,,,,,,,,,,,,,,,,,,,,,,,,,,,,,,,,,,,,,,,,,,,,,,,,,,,,,,,,
/Users/xiaoyuhe/project-bestdagsolverintheworld/dagsolvers/metacentrum_runs/22245764.pbs-m1.metacentrum.cz/dagsolvers,850821376491870186,7d5ea3179d3b46de90ce8bfd850ea986,bald-calf-86,3,FINISHED,1784266902984,1784267906386,1003.402,D,D2,METHOD_D2_ROOT_EXHAUSTIVE,5,2,11,200,closest_time,/Users/xiaoyuhe/project-bestdagsolverintheworld/dagsolvers/metacentrum_runs/22245764.pbs-m1.metacentrum.cz/dagsolvers/multirun/2026-07-17/07-24-57/1/config.yaml,/Users/xiaoyuhe/project-bestdagsolverintheworld/dagsolvers/metacentrum_runs/22245764.pbs-m1.metacentrum.cz/dagsolvers/mlruns/850821376491870186/7d5ea3179d3b46de90ce8bfd850ea986,0,0,,,,,,,,,,,,,,,,,,,,,,,,,,,,,,,,,,,,,,,,,,,,,,,,,,,,,,,,,,,,,,,,,,,,,,,,,,,,,,,,,,,,,,,,,,,,,,,,,,,,,,,,,,,,,,,,,,,,,,,,,,,,,,,,,,,,,,,,,,,,,,,,,,,,,,,,,,,,,,,,,,,,,,,,,,,,,,,,,,,,,,,,,,,,,,,,,,,,,,,,,,,,,,,,,,,,,,,,,,,,,,,,,,,,,,,,,,,,,,,,,,,,,,,,,,,,,,,,,,,,,,,,,,,,,,,,,,,,,,,,,,,,,,,,,,,,,,,,,,,
/Users/xiaoyuhe/project-bestdagsolverintheworld/dagsolvers/metacentrum_runs/22245764.pbs-m1.metacentrum.cz/dagsolvers,511676123340658700,5ab78d8410b2431584bce04836acd0be,unleashed-stoat-821,3,FINISHED,1784267976604,1784268979751,1003.147,D,D3,METHOD_D3_ROOT_GREEDY_WEIGHTED,5,2,11,200,closest_time,/Users/xiaoyuhe/project-bestdagsolverintheworld/dagsolvers/metacentrum_runs/22245764.pbs-m1.metacentrum.cz/dagsolvers/multirun/2026-07-17/07-59-35/1/.hydra/config.yaml,/Users/xiaoyuhe/project-bestdagsolverintheworld/dagsolvers/metacentrum_runs/22245764.pbs-m1.metacentrum.cz/dagsolvers/mlruns/511676123340658700/5ab78d8410b2431584bce04836acd0be,0,0,,,,,,,,,,,,,,,,,,,,,,,,,,,,,,,,,,,,,,,,,,,,,,,,,,,,,,,,,,,,,,,,,,,,,,,,,,,,,,,,,,,,,,,,,,,,,,,,,,,,,,,,,,,,,,,,,,,,,,,,,,,,,,,,,,,,,,,,,,,,,,,,,,,,,,,,,,,,,,,,,,,,,,,,,,,,,,,,,,,,,,,,,,,,,,,,,,,,,,,,,,,,,,,,,,,,,,,,,,,,,,,,,,,,,,,,,,,,,,,,,,,,,,,,,,,,,,,,,,,,,,,,,,,,,,,,,,,,,,,,,,,,,,,,,,,,,,,,,,,
/Users/xiaoyuhe/project-bestdagsolverintheworld/dagsolvers/metacentrum_runs/22245764.pbs-m1.metacentrum.cz/dagsolvers,511676123340658700,6116035fdd73406386426044abdf5cae,bald-calf-86,3,FINISHED,1784268980030,1784269983417,1003.387,D,D3,METHOD_D3_ROOT_GREEDY_WEIGHTED,5,2,11,200,closest_time,/Users/xiaoyuhe/project-bestdagsolverintheworld/dagsolvers/metacentrum_runs/22245764.pbs-m1.metacentrum.cz/dagsolvers/multirun/2026-07-17/07-59-35/1/config.yaml,/Users/xiaoyuhe/project-bestdagsolverintheworld/dagsolvers/metacentrum_runs/22245764.pbs-m1.metacentrum.cz/dagsolvers/mlruns/511676123340658700/6116035fdd73406386426044abdf5cae,0,0,,,,,,,,,,,,,,,,,,,,,,,,,,,,,,,,,,,,,,,,,,,,,,,,,,,,,,,,,,,,,,,,,,,,,,,,,,,,,,,,,,,,,,,,,,,,,,,,,,,,,,,,,,,,,,,,,,,,,,,,,,,,,,,,,,,,,,,,,,,,,,,,,,,,,,,,,,,,,,,,,,,,,,,,,,,,,,,,,,,,,,,,,,,,,,,,,,,,,,,,,,,,,,,,,,,,,,,,,,,,,,,,,,,,,,,,,,,,,,,,,,,,,,,,,,,,,,,,,,,,,,,,,,,,,,,,,,,,,,,,,,,,,,,,,,,,,,,,,,,
/Users/xiaoyuhe/project-bestdagsolverintheworld/dagsolvers/metacentrum_runs/22245764.pbs-m1.metacentrum.cz/dagsolvers,986392331542622104,24c150e948994b98801eb80c0bdf3963,unleashed-stoat-821,3,FINISHED,1784270053536,1784271055884,1002.348,D,D4,METHOD_D4_ROOT_SPARSE_NONROOT,5,2,11,200,closest_time,/Users/xiaoyuhe/project-bestdagsolverintheworld/dagsolvers/metacentrum_runs/22245764.pbs-m1.metacentrum.cz/dagsolvers/multirun/2026-07-17/08-34-12/1/.hydra/config.yaml,/Users/xiaoyuhe/project-bestdagsolverintheworld/dagsolvers/metacentrum_runs/22245764.pbs-m1.metacentrum.cz/dagsolvers/mlruns/986392331542622104/24c150e948994b98801eb80c0bdf3963,0,0,,,,,,,,,,,,,,,,,,,,,,,,,,,,,,,,,,,,,,,,,,,,,,,,,,,,,,,,,,,,,,,,,,,,,,,,,,,,,,,,,,,,,,,,,,,,,,,,,,,,,,,,,,,,,,,,,,,,,,,,,,,,,,,,,,,,,,,,,,,,,,,,,,,,,,,,,,,,,,,,,,,,,,,,,,,,,,,,,,,,,,,,,,,,,,,,,,,,,,,,,,,,,,,,,,,,,,,,,,,,,,,,,,,,,,,,,,,,,,,,,,,,,,,,,,,,,,,,,,,,,,,,,,,,,,,,,,,,,,,,,,,,,,,,,,,,,,,,,,,
/Users/xiaoyuhe/project-bestdagsolverintheworld/dagsolvers/metacentrum_runs/22245764.pbs-m1.metacentrum.cz/dagsolvers,986392331542622104,0ed8ba33c8a84249a03f12c505ee5062,bald-calf-86,3,FINISHED,1784271056166,1784272058456,1002.29,D,D4,METHOD_D4_ROOT_SPARSE_NONROOT,5,2,11,200,closest_time,/Users/xiaoyuhe/project-bestdagsolverintheworld/dagsolvers/metacentrum_runs/22245764.pbs-m1.metacentrum.cz/dagsolvers/multirun/2026-07-17/08-34-12/1/config.yaml,/Users/xiaoyuhe/project-bestdagsolverintheworld/dagsolvers/metacentrum_runs/22245764.pbs-m1.metacentrum.cz/dagsolvers/mlruns/986392331542622104/0ed8ba33c8a84249a03f12c505ee5062,0,0,,,,,,,,,,,,,,,,,,,,,,,,,,,,,,,,,,,,,,,,,,,,,,,,,,,,,,,,,,,,,,,,,,,,,,,,,,,,,,,,,,,,,,,,,,,,,,,,,,,,,,,,,,,,,,,,,,,,,,,,,,,,,,,,,,,,,,,,,,,,,,,,,,,,,,,,,,,,,,,,,,,,,,,,,,,,,,,,,,,,,,,,,,,,,,,,,,,,,,,,,,,,,,,,,,,,,,,,,,,,,,,,,,,,,,,,,,,,,,,,,,,,,,,,,,,,,,,,,,,,,,,,,,,,,,,,,,,,,,,,,,,,,,,,,,,,,,,,,,,
/Users/xiaoyuhe/project-bestdagsolverintheworld/dagsolvers/metacentrum_runs/22245764.pbs-m1.metacentrum.cz/dagsolvers,761899822730786599,c4f141f6c71c4b97abf0ae219b93a29d,unleashed-stoat-821,1,RUNNING,1784272130660,,,D,D5,METHOD_D5_HISTORY_GUIDED,5,1,11,200,closest_time,/Users/xiaoyuhe/project-bestdagsolverintheworld/dagsolvers/metacentrum_runs/22245764.pbs-m1.metacentrum.cz/dagsolvers/multirun/2026-07-17/09-08-49/0/.hydra/config.yaml,/Users/xiaoyuhe/project-bestdagsolverintheworld/dagsolvers/metacentrum_runs/22245764.pbs-m1.metacentrum.cz/dagsolvers/mlruns/761899822730786599/c4f141f6c71c4b97abf0ae219b93a29d,0,1,,,,,,,,,,,,,,,,,,,,,,,,,,,,,,,,,,,,,,,,,,,,,,,,,,,,,,,,,,,,,,,,,,,,,,,,,,,,,,,,,,,,,,,,,,,,,,,,,,,,,,,,,,,,,,,,,,,,,,,,,,,,,,,,,,,,,,,,,,,,,,,,,,,,,,,,,,,,,,,,,,,,,,,,,,,,,,,,,,,,,,,,,,,,,,,,,,,,,,,,,,,,,,,,,,,,,,,,,,,,,,,,,,,,,,,,,,,,,,,,,,,,,,,,,,,,,,,,,,,,,,,,,,,,,,,,,,,,,,,,,,,,,,,,,,,,,,,,0.01,,,
